date,year,month,tsi_wm2
1749-01,1749,1,96.7
1749-02,1749,2,104.3
1749-03,1749,3,116.7
1749-04,1749,4,92.8
1749-05,1749,5,141.7
1749-06,1749,6,139.2
1749-07,1749,7,158.0
1749-08,1749,8,110.5
1749-09,1749,9,126.5
1749-10,1749,10,125.8
1749-11,1749,11,264.3
1749-12,1749,12,142.0
1750-01,1750,1,122.2
1750-02,1750,2,126.5
1750-03,1750,3,148.7
1750-04,1750,4,147.2
1750-05,1750,5,150.0
1750-06,1750,6,166.7
1750-07,1750,7,142.3
1750-08,1750,8,171.7
1750-09,1750,9,152.0
1750-10,1750,10,109.5
1750-11,1750,11,105.5
1750-12,1750,12,125.7
1751-01,1751,1,116.7
1751-02,1751,2,72.5
1751-03,1751,3,75.5
1751-04,1751,4,94.0
1751-05,1751,5,101.2
1751-06,1751,6,84.5
1751-07,1751,7,110.5
1751-08,1751,8,99.7
1751-09,1751,9,39.2
1751-10,1751,10,38.7
1751-11,1751,11,47.5
1751-12,1751,12,73.3
1752-01,1752,1,58.3
1752-02,1752,2,83.3
1752-03,1752,3,118.3
1752-04,1752,4,98.8
1752-05,1752,5,99.5
1752-06,1752,6,66.0
1752-07,1752,7,130.7
1752-08,1752,8,48.8
1752-09,1752,9,45.2
1752-10,1752,10,77.7
1752-11,1752,11,62.7
1752-12,1752,12,66.7
1753-01,1753,1,73.3
1753-02,1753,2,53.3
1753-03,1753,3,76.2
1753-04,1753,4,63.3
1753-05,1753,5,60.0
1753-06,1753,6,52.8
1753-07,1753,7,36.7
1753-08,1753,8,65.0
1753-09,1753,9,46.7
1753-10,1753,10,41.7
1753-11,1753,11,33.3
1753-12,1753,12,11.2
1754-01,1754,1,0.0
1754-02,1754,2,5.0
1754-03,1754,3,2.8
1754-04,1754,4,22.8
1754-05,1754,5,34.5
1754-06,1754,6,44.5
1754-07,1754,7,31.3
1754-08,1754,8,20.5
1754-09,1754,9,13.7
1754-10,1754,10,40.2
1754-11,1754,11,22.0
1754-12,1754,12,7.0
1755-01,1755,1,17.0
1755-02,1755,2,18.7
1755-03,1755,3,11.3
1755-04,1755,4,10.8
1755-05,1755,5,0.0
1755-06,1755,6,0.0
1755-07,1755,7,14.3
1755-08,1755,8,5.3
1755-09,1755,9,29.7
1755-10,1755,10,39.5
1755-11,1755,11,11.3
1755-12,1755,12,33.3
1756-01,1756,1,20.8
1756-02,1756,2,11.8
1756-03,1756,3,9.0
1756-04,1756,4,15.7
1756-05,1756,5,20.8
1756-06,1756,6,21.5
1756-07,1756,7,6.0
1756-08,1756,8,10.7
1756-09,1756,9,19.7
1756-10,1756,10,23.8
1756-11,1756,11,28.3
1756-12,1756,12,15.7
1757-01,1757,1,23.5
1757-02,1757,2,35.3
1757-03,1757,3,43.7
1757-04,1757,4,50.0
1757-05,1757,5,63.5
1757-06,1757,6,21.3
1757-07,1757,7,41.7
1757-08,1757,8,85.5
1757-09,1757,9,66.2
1757-10,1757,10,54.2
1757-11,1757,11,107.8
1757-12,1757,12,55.8
1758-01,1758,1,62.7
1758-02,1758,2,86.7
1758-03,1758,3,81.7
1758-04,1758,4,120.5
1758-05,1758,5,77.3
1758-06,1758,6,75.0
1758-07,1758,7,73.3
1758-08,1758,8,64.5
1758-09,1758,9,104.2
1758-10,1758,10,62.8
1758-11,1758,11,71.7
1758-12,1758,12,71.7
1759-01,1759,1,80.5
1759-02,1759,2,73.3
1759-03,1759,3,78.0
1759-04,1759,4,78.3
1759-05,1759,5,81.7
1759-06,1759,6,83.3
1759-07,1759,7,85.0
1759-08,1759,8,118.8
1759-09,1759,9,128.7
1759-10,1759,10,99.5
1759-11,1759,11,77.2
1759-12,1759,12,95.0
1760-01,1760,1,112.2
1760-02,1760,2,99.2
1760-03,1760,3,124.5
1760-04,1760,4,97.2
1760-05,1760,5,120.0
1760-06,1760,6,80.5
1760-07,1760,7,110.0
1760-08,1760,8,126.0
1760-09,1760,9,102.2
1760-10,1760,10,84.3
1760-11,1760,11,99.5
1760-12,1760,12,101.7
1761-01,1761,1,116.7
1761-02,1761,2,151.7
1761-03,1761,3,134.5
1761-04,1761,4,119.5
1761-05,1761,5,178.7
1761-06,1761,6,165.5
1761-07,1761,7,156.8
1761-08,1761,8,151.8
1761-09,1761,9,167.8
1761-10,1761,10,147.8
1761-11,1761,11,149.5
1761-12,1761,12,76.7
1762-01,1762,1,73.0
1762-02,1762,2,121.3
1762-03,1762,3,76.2
1762-04,1762,4,100.3
1762-05,1762,5,66.5
1762-06,1762,6,128.5
1762-07,1762,7,56.3
1762-08,1762,8,112.8
1762-09,1762,9,114.2
1762-10,1762,10,115.5
1762-11,1762,11,129.7
1762-12,1762,12,128.7
1763-01,1763,1,94.2
1763-02,1763,2,53.2
1763-03,1763,3,57.0
1763-04,1763,4,54.8
1763-05,1763,5,54.5
1763-06,1763,6,59.7
1763-07,1763,7,90.3
1763-08,1763,8,44.2
1763-09,1763,9,113.5
1763-10,1763,10,77.2
1763-11,1763,11,101.5
1763-12,1763,12,102.3
1764-01,1764,1,99.5
1764-02,1764,2,99.5
1764-03,1764,3,67.0
1764-04,1764,4,57.3
1764-05,1764,5,73.8
1764-06,1764,6,50.0
1764-07,1764,7,50.0
1764-08,1764,8,50.0
1764-09,1764,9,47.0
1764-10,1764,10,46.7
1764-11,1764,11,43.3
1764-12,1764,12,42.8
1765-01,1765,1,40.0
1765-02,1765,2,43.3
1765-03,1765,3,41.7
1765-04,1765,4,36.7
1765-05,1765,5,33.7
1765-06,1765,6,33.3
1765-07,1765,7,45.0
1765-08,1765,8,49.5
1765-09,1765,9,26.7
1765-10,1765,10,23.3
1765-11,1765,11,23.3
1765-12,1765,12,21.7
1766-01,1766,1,20.0
1766-02,1766,2,18.3
1766-03,1766,3,61.0
1766-04,1766,4,10.0
1766-05,1766,5,44.7
1766-06,1766,6,5.0
1766-07,1766,7,5.5
1766-08,1766,8,6.7
1766-09,1766,9,7.2
1766-10,1766,10,8.3
1766-11,1766,11,9.5
1766-12,1766,12,32.0
1767-01,1767,1,45.7
1767-02,1767,2,50.0
1767-03,1767,3,71.7
1767-04,1767,4,54.8
1767-05,1767,5,49.7
1767-06,1767,6,55.5
1767-07,1767,7,36.5
1767-08,1767,8,68.0
1767-09,1767,9,71.2
1767-10,1767,10,73.5
1767-11,1767,11,91.2
1767-12,1767,12,88.8
1768-01,1768,1,89.2
1768-02,1768,2,110.2
1768-03,1768,3,77.2
1768-04,1768,4,71.2
1768-05,1768,5,129.5
1768-06,1768,6,129.0
1768-07,1768,7,87.7
1768-08,1768,8,111.3
1768-09,1768,9,124.7
1768-10,1768,10,129.7
1768-11,1768,11,151.0
1768-12,1768,12,186.3
1769-01,1769,1,123.2
1769-02,1769,2,107.0
1769-03,1769,3,107.2
1769-04,1769,4,161.2
1769-05,1769,5,122.7
1769-06,1769,6,157.3
1769-07,1769,7,197.7
1769-08,1769,8,200.5
1769-09,1769,9,248.0
1769-10,1769,10,263.7
1769-11,1769,11,246.8
1769-12,1769,12,186.7
1770-01,1770,1,173.3
1770-02,1770,2,237.5
1770-03,1770,3,133.5
1770-04,1770,4,85.0
1770-05,1770,5,116.8
1770-06,1770,6,138.8
1770-07,1770,7,183.0
1770-08,1770,8,210.5
1770-09,1770,9,174.0
1770-10,1770,10,172.7
1770-11,1770,11,220.3
1770-12,1770,12,170.5
1771-01,1771,1,60.0
1771-02,1771,2,77.0
1771-03,1771,3,77.8
1771-04,1771,4,108.2
1771-05,1771,5,254.5
1771-06,1771,6,199.2
1771-07,1771,7,112.8
1771-08,1771,8,97.5
1771-09,1771,9,169.0
1771-10,1771,10,150.0
1771-11,1771,11,166.2
1771-12,1771,12,159.5
1772-01,1772,1,168.2
1772-02,1772,2,151.3
1772-03,1772,3,51.8
1772-04,1772,4,153.7
1772-05,1772,5,63.3
1772-06,1772,6,95.0
1772-07,1772,7,128.8
1772-08,1772,8,93.7
1772-09,1772,9,84.2
1772-10,1772,10,131.0
1772-11,1772,11,102.2
1772-12,1772,12,106.7
1773-01,1773,1,91.0
1773-02,1773,2,48.3
1773-03,1773,3,85.3
1773-04,1773,4,54.8
1773-05,1773,5,68.5
1773-06,1773,6,47.3
1773-07,1773,7,46.2
1773-08,1773,8,21.2
1773-09,1773,9,48.8
1773-10,1773,10,43.8
1773-11,1773,11,68.2
1773-12,1773,12,72.0
1774-01,1774,1,78.0
1774-02,1774,2,109.0
1774-03,1774,3,92.8
1774-04,1774,4,73.0
1774-05,1774,5,85.5
1774-06,1774,6,47.5
1774-07,1774,7,29.2
1774-08,1774,8,11.0
1774-09,1774,9,13.2
1774-10,1774,10,23.3
1774-11,1774,11,29.5
1774-12,1774,12,20.3
1775-01,1775,1,7.3
1775-02,1775,2,0.0
1775-03,1775,3,19.3
1775-04,1775,4,18.7
1775-05,1775,5,6.5
1775-06,1775,6,20.5
1775-07,1775,7,1.7
1775-08,1775,8,13.2
1775-09,1775,9,5.3
1775-10,1775,10,9.3
1775-11,1775,11,25.2
1775-12,1775,12,13.2
1776-01,1776,1,36.2
1776-02,1776,2,19.3
1776-03,1776,3,10.5
1776-04,1776,4,36.3
1776-05,1776,5,18.7
1776-06,1776,6,31.7
1776-07,1776,7,1.7
1776-08,1776,8,40.3
1776-09,1776,9,26.7
1776-10,1776,10,50.0
1776-11,1776,11,58.3
1776-12,1776,12,66.7
1777-01,1777,1,75.0
1777-02,1777,2,60.8
1777-03,1777,3,65.0
1777-04,1777,4,159.2
1777-05,1777,5,133.8
1777-06,1777,6,134.5
1777-07,1777,7,158.3
1777-08,1777,8,186.7
1777-09,1777,9,193.7
1777-10,1777,10,177.5
1777-11,1777,11,243.3
1777-12,1777,12,262.2
1778-01,1778,1,295.5
1778-02,1778,2,182.2
1778-03,1778,3,223.3
1778-04,1778,4,241.7
1778-05,1778,5,398.2
1778-06,1778,6,286.0
1778-07,1778,7,255.0
1778-08,1778,8,233.3
1778-09,1778,9,286.2
1778-10,1778,10,260.5
1778-11,1778,11,250.5
1778-12,1778,12,175.0
1779-01,1779,1,191.2
1779-02,1779,2,276.2
1779-03,1779,3,196.7
1779-04,1779,4,241.7
1779-05,1779,5,233.3
1779-06,1779,6,189.5
1779-07,1779,7,238.3
1779-08,1779,8,186.7
1779-09,1779,9,185.0
1779-10,1779,10,206.7
1779-11,1779,11,190.0
1779-12,1779,12,183.3
1780-01,1780,1,116.7
1780-02,1780,2,163.3
1780-03,1780,3,163.3
1780-04,1780,4,158.3
1780-05,1780,5,178.7
1780-06,1780,6,146.7
1780-07,1780,7,143.3
1780-08,1780,8,143.3
1780-09,1780,9,156.2
1780-10,1780,10,128.3
1780-11,1780,11,100.0
1780-12,1780,12,97.8
1781-01,1781,1,164.5
1781-02,1781,2,124.5
1781-03,1781,3,88.3
1781-04,1781,4,113.8
1781-05,1781,5,174.5
1781-06,1781,6,162.8
1781-07,1781,7,122.5
1781-08,1781,8,110.0
1781-09,1781,9,85.0
1781-10,1781,10,45.5
1781-11,1781,11,111.7
1781-12,1781,12,58.7
1782-01,1782,1,90.0
1782-02,1782,2,62.5
1782-03,1782,3,61.7
1782-04,1782,4,68.3
1782-05,1782,5,90.5
1782-06,1782,6,63.3
1782-07,1782,7,61.7
1782-08,1782,8,73.3
1782-09,1782,9,56.7
1782-10,1782,10,38.7
1782-11,1782,11,52.5
1782-12,1782,12,50.0
1783-01,1783,1,46.7
1783-02,1783,2,64.5
1783-03,1783,3,44.5
1783-04,1783,4,47.2
1783-05,1783,5,38.3
1783-06,1783,6,42.0
1783-07,1783,7,53.7
1783-08,1783,8,33.3
1783-09,1783,9,30.0
1783-10,1783,10,13.3
1783-11,1783,11,25.0
1783-12,1783,12,17.5
1784-01,1784,1,21.7
1784-02,1784,2,13.3
1784-03,1784,3,18.3
1784-04,1784,4,16.7
1784-05,1784,5,10.0
1784-06,1784,6,15.0
1784-07,1784,7,10.0
1784-08,1784,8,16.7
1784-09,1784,9,16.7
1784-10,1784,10,13.3
1784-11,1784,11,28.3
1784-12,1784,12,23.3
1785-01,1785,1,10.8
1785-02,1785,2,13.3
1785-03,1785,3,15.0
1785-04,1785,4,26.2
1785-05,1785,5,34.5
1785-06,1785,6,43.8
1785-07,1785,7,60.5
1785-08,1785,8,33.3
1785-09,1785,9,53.3
1785-10,1785,10,78.7
1785-11,1785,11,67.0
1785-12,1785,12,45.5
1786-01,1786,1,62.0
1786-02,1786,2,79.3
1786-03,1786,3,79.5
1786-04,1786,4,142.3
1786-05,1786,5,153.8
1786-06,1786,6,98.3
1786-07,1786,7,138.3
1786-08,1786,8,149.5
1786-09,1786,9,185.8
1786-10,1786,10,187.2
1786-11,1786,11,193.3
1786-12,1786,12,187.8
1787-01,1787,1,224.5
1787-02,1787,2,176.7
1787-03,1787,3,145.7
1787-04,1787,4,212.0
1787-05,1787,5,224.7
1787-06,1787,6,165.3
1787-07,1787,7,213.3
1787-08,1787,8,228.7
1787-09,1787,9,262.2
1787-10,1787,10,261.7
1787-11,1787,11,235.8
1787-12,1787,12,290.0
1788-01,1788,1,230.0
1788-02,1788,2,215.3
1788-03,1788,3,238.8
1788-04,1788,4,180.8
1788-05,1788,5,188.3
1788-06,1788,6,257.0
1788-07,1788,7,235.8
1788-08,1788,8,226.7
1788-09,1788,9,235.0
1788-10,1788,10,236.7
1788-11,1788,11,157.8
1788-12,1788,12,215.8
1789-01,1789,1,190.0
1789-02,1789,2,208.8
1789-03,1789,3,200.0
1789-04,1789,4,205.5
1789-05,1789,5,205.8
1789-06,1789,6,200.0
1789-07,1789,7,195.0
1789-08,1789,8,171.7
1789-09,1789,9,186.7
1789-10,1789,10,149.5
1789-11,1789,11,223.3
1789-12,1789,12,225.8
1790-01,1790,1,171.7
1790-02,1790,2,212.5
1790-03,1790,3,160.5
1790-04,1790,4,156.7
1790-05,1790,5,155.0
1790-06,1790,6,151.7
1790-07,1790,7,115.5
1790-08,1790,8,145.0
1790-09,1790,9,128.8
1790-10,1790,10,140.5
1790-11,1790,11,136.7
1790-12,1790,12,123.3
1791-01,1791,1,121.2
1791-02,1791,2,103.3
1791-03,1791,3,123.3
1791-04,1791,4,128.7
1791-05,1791,5,122.8
1791-06,1791,6,107.0
1791-07,1791,7,118.3
1791-08,1791,8,71.7
1791-09,1791,9,110.8
1791-10,1791,10,102.8
1791-11,1791,11,111.7
1791-12,1791,12,110.0
1792-01,1792,1,96.7
1792-02,1792,2,106.7
1792-03,1792,3,105.0
1792-04,1792,4,126.2
1792-05,1792,5,103.3
1792-06,1792,6,101.7
1792-07,1792,7,76.3
1792-08,1792,8,100.0
1792-09,1792,9,98.3
1792-10,1792,10,98.3
1792-11,1792,11,95.0
1792-12,1792,12,93.3
1793-01,1793,1,93.3
1793-02,1793,2,91.7
1793-03,1793,3,92.5
1793-04,1793,4,88.3
1793-05,1793,5,87.2
1793-06,1793,6,85.0
1793-07,1793,7,83.3
1793-08,1793,8,48.8
1793-09,1793,9,40.0
1793-10,1793,10,78.3
1793-11,1793,11,73.3
1793-12,1793,12,76.2
1794-01,1794,1,75.0
1794-02,1794,2,73.3
1794-03,1794,3,63.3
1794-04,1794,4,47.3
1794-05,1794,5,92.8
1794-06,1794,6,69.2
1794-07,1794,7,68.3
1794-08,1794,8,66.7
1794-09,1794,9,18.5
1794-10,1794,10,47.5
1794-11,1794,11,112.3
1794-12,1794,12,85.7
1795-01,1795,1,35.7
1795-02,1795,2,66.5
1795-03,1795,3,21.0
1795-04,1795,4,31.0
1795-05,1795,5,51.7
1795-06,1795,6,28.5
1795-07,1795,7,21.5
1795-08,1795,8,42.8
1795-09,1795,9,22.5
1795-10,1795,10,32.5
1795-11,1795,11,41.7
1795-12,1795,12,30.0
1796-01,1796,1,36.7
1796-02,1796,2,39.7
1796-03,1796,3,26.2
1796-04,1796,4,52.8
1796-05,1796,5,35.0
1796-06,1796,6,11.2
1796-07,1796,7,44.8
1796-08,1796,8,2.5
1796-09,1796,9,30.7
1796-10,1796,10,18.3
1796-11,1796,11,14.0
1796-12,1796,12,8.5
1797-01,1797,1,24.0
1797-02,1797,2,7.0
1797-03,1797,3,6.7
1797-04,1797,4,6.7
1797-05,1797,5,12.2
1797-06,1797,6,18.5
1797-07,1797,7,7.2
1797-08,1797,8,10.0
1797-09,1797,9,9.5
1797-10,1797,10,11.5
1797-11,1797,11,9.7
1797-12,1797,12,5.0
1798-01,1798,1,3.3
1798-02,1798,2,6.7
1798-03,1798,3,20.7
1798-04,1798,4,1.8
1798-05,1798,5,0.0
1798-06,1798,6,0.0
1798-07,1798,7,0.0
1798-08,1798,8,5.0
1798-09,1798,9,4.0
1798-10,1798,10,2.5
1798-11,1798,11,20.8
1798-12,1798,12,16.5
1799-01,1799,1,2.7
1799-02,1799,2,21.0
1799-03,1799,3,36.2
1799-04,1799,4,14.0
1799-05,1799,5,13.7
1799-06,1799,6,17.7
1799-07,1799,7,3.5
1799-08,1799,8,0.0
1799-09,1799,9,0.0
1799-10,1799,10,7.7
1799-11,1799,11,4.5
1799-12,1799,12,14.3
1800-01,1800,1,11.5
1800-02,1800,2,15.5
1800-03,1800,3,23.2
1800-04,1800,4,0.0
1800-05,1800,5,8.3
1800-06,1800,6,39.5
1800-07,1800,7,35.0
1800-08,1800,8,32.5
1800-09,1800,9,19.2
1800-10,1800,10,20.5
1800-11,1800,11,17.5
1800-12,1800,12,66.8
1801-01,1801,1,45.0
1801-02,1801,2,48.3
1801-03,1801,3,50.0
1801-04,1801,4,51.7
1801-05,1801,5,53.3
1801-06,1801,6,52.0
1801-07,1801,7,58.3
1801-08,1801,8,64.5
1801-09,1801,9,55.8
1801-10,1801,10,54.3
1801-11,1801,11,66.3
1801-12,1801,12,80.3
1802-01,1802,1,79.7
1802-02,1802,2,78.3
1802-03,1802,3,68.0
1802-04,1802,4,70.0
1802-05,1802,5,73.3
1802-06,1802,6,76.7
1802-07,1802,7,80.0
1802-08,1802,8,83.3
1802-09,1802,9,86.3
1802-10,1802,10,64.2
1802-11,1802,11,57.5
1802-12,1802,12,83.3
1803-01,1803,1,83.3
1803-02,1803,2,84.7
1803-03,1803,3,49.2
1803-04,1803,4,41.7
1803-05,1803,5,73.8
1803-06,1803,6,60.0
1803-07,1803,7,80.5
1803-08,1803,8,56.8
1803-09,1803,9,75.5
1803-10,1803,10,90.5
1803-11,1803,11,85.0
1803-12,1803,12,80.0
1804-01,1804,1,75.5
1804-02,1804,2,80.5
1804-03,1804,3,80.0
1804-04,1804,4,84.3
1804-05,1804,5,55.7
1804-06,1804,6,58.0
1804-07,1804,7,49.7
1804-08,1804,8,71.8
1804-09,1804,9,88.3
1804-10,1804,10,103.8
1804-11,1804,11,101.7
1804-12,1804,12,100.0
1805-01,1805,1,101.7
1805-02,1805,2,73.5
1805-03,1805,3,85.7
1805-04,1805,4,62.5
1805-05,1805,5,65.0
1805-06,1805,6,67.5
1805-07,1805,7,62.7
1805-08,1805,8,71.2
1805-09,1805,9,74.0
1805-10,1805,10,49.0
1805-11,1805,11,68.3
1805-12,1805,12,63.8
1806-01,1806,1,65.0
1806-02,1806,2,49.3
1806-03,1806,3,54.5
1806-04,1806,4,46.2
1806-05,1806,5,44.0
1806-06,1806,6,42.7
1806-07,1806,7,50.0
1806-08,1806,8,43.8
1806-09,1806,9,40.0
1806-10,1806,10,45.0
1806-11,1806,11,41.7
1806-12,1806,12,40.0
1807-01,1807,1,20.0
1807-02,1807,2,20.3
1807-03,1807,3,16.0
1807-04,1807,4,39.7
1807-05,1807,5,16.7
1807-06,1807,6,20.0
1807-07,1807,7,21.2
1807-08,1807,8,20.0
1807-09,1807,9,9.5
1807-10,1807,10,13.3
1807-11,1807,11,4.3
1807-12,1807,12,0.0
1808-01,1808,1,0.0
1808-02,1808,2,7.5
1808-03,1808,3,0.0
1808-04,1808,4,20.5
1808-05,1808,5,22.5
1808-06,1808,6,22.5
1808-07,1808,7,11.2
1808-08,1808,8,13.3
1808-09,1808,9,19.5
1808-10,1808,10,7.8
1808-11,1808,11,17.5
1808-12,1808,12,20.5
1809-01,1809,1,12.0
1809-02,1809,2,15.3
1809-03,1809,3,1.5
1809-04,1809,4,4.2
1809-05,1809,5,3.3
1809-06,1809,6,12.8
1809-07,1809,7,0.5
1809-08,1809,8,0.3
1809-09,1809,9,0.7
1809-10,1809,10,0.0
1809-11,1809,11,0.0
1809-12,1809,12,0.0
1810-01,1810,1,0.0
1810-02,1810,2,0.0
1810-03,1810,3,0.0
1810-04,1810,4,0.0
1810-05,1810,5,0.0
1810-06,1810,6,0.0
1810-07,1810,7,0.0
1810-08,1810,8,0.0
1810-09,1810,9,0.0
1810-10,1810,10,0.0
1810-11,1810,11,0.0
1810-12,1810,12,0.0
1811-01,1811,1,0.0
1811-02,1811,2,0.0
1811-03,1811,3,0.0
1811-04,1811,4,0.0
1811-05,1811,5,0.0
1811-06,1811,6,0.0
1811-07,1811,7,11.0
1811-08,1811,8,0.0
1811-09,1811,9,4.0
1811-10,1811,10,10.2
1811-11,1811,11,1.3
1811-12,1811,12,1.8
1812-01,1812,1,18.8
1812-02,1812,2,3.2
1812-03,1812,3,1.2
1812-04,1812,4,0.0
1812-05,1812,5,1.7
1812-06,1812,6,2.2
1812-07,1812,7,0.8
1812-08,1812,8,26.0
1812-09,1812,9,8.7
1812-10,1812,10,6.5
1812-11,1812,11,13.2
1812-12,1812,12,16.8
1813-01,1813,1,0.0
1813-02,1813,2,17.2
1813-03,1813,3,3.2
1813-04,1813,4,27.7
1813-05,1813,5,9.2
1813-06,1813,6,18.7
1813-07,1813,7,30.5
1813-08,1813,8,14.0
1813-09,1813,9,25.5
1813-10,1813,10,46.3
1813-11,1813,11,27.8
1813-12,1813,12,23.8
1814-01,1814,1,37.0
1814-02,1814,2,20.0
1814-03,1814,3,9.5
1814-04,1814,4,39.7
1814-05,1814,5,9.7
1814-06,1814,6,24.8
1814-07,1814,7,30.8
1814-08,1814,8,3.8
1814-09,1814,9,13.5
1814-10,1814,10,32.2
1814-11,1814,11,24.2
1814-12,1814,12,33.5
1815-01,1815,1,32.0
1815-02,1815,2,53.7
1815-03,1815,3,43.7
1815-04,1815,4,52.7
1815-05,1815,5,16.3
1815-06,1815,6,93.2
1815-07,1815,7,59.2
1815-08,1815,8,78.7
1815-09,1815,9,52.5
1815-10,1815,10,55.8
1815-11,1815,11,62.0
1815-12,1815,12,108.3
1816-01,1816,1,43.8
1816-02,1816,2,114.7
1816-03,1816,3,122.8
1816-04,1816,4,98.0
1816-05,1816,5,73.8
1816-06,1816,6,72.7
1816-07,1816,7,64.7
1816-08,1816,8,38.7
1816-09,1816,9,79.7
1816-10,1816,10,94.0
1816-11,1816,11,63.5
1816-12,1816,12,49.8
1817-01,1817,1,60.7
1817-02,1817,2,96.5
1817-03,1817,3,160.3
1817-04,1817,4,44.0
1817-05,1817,5,35.3
1817-06,1817,6,66.7
1817-07,1817,7,83.3
1817-08,1817,8,75.0
1817-09,1817,9,61.2
1817-10,1817,10,42.7
1817-11,1817,11,48.2
1817-12,1817,12,47.3
1818-01,1818,1,58.1
1818-02,1818,2,37.4
1818-03,1818,3,42.4
1818-04,1818,4,57.5
1818-05,1818,5,88.5
1818-06,1818,6,60.8
1818-07,1818,7,46.8
1818-08,1818,8,52.6
1818-09,1818,9,43.4
1818-10,1818,10,52.8
1818-11,1818,11,18.3
1818-12,1818,12,43.0
1819-01,1819,1,54.7
1819-02,1819,2,34.6
1819-03,1819,3,6.3
1819-04,1819,4,33.7
1819-05,1819,5,32.6
1819-06,1819,6,58.3
1819-07,1819,7,52.5
1819-08,1819,8,43.5
1819-09,1819,9,24.8
1819-10,1819,10,45.9
1819-11,1819,11,41.8
1819-12,1819,12,50.9
1820-01,1820,1,32.0
1820-02,1820,2,44.4
1820-03,1820,3,7.5
1820-04,1820,4,32.3
1820-05,1820,5,48.9
1820-06,1820,6,17.9
1820-07,1820,7,34.1
1820-08,1820,8,43.1
1820-09,1820,9,8.6
1820-10,1820,10,14.9
1820-11,1820,11,13.2
1820-12,1820,12,15.1
1821-01,1821,1,36.0
1821-02,1821,2,7.0
1821-03,1821,3,9.5
1821-04,1821,4,15.2
1821-05,1821,5,2.8
1821-06,1821,6,3.0
1821-07,1821,7,4.3
1821-08,1821,8,8.0
1821-09,1821,9,7.3
1821-10,1821,10,31.4
1821-11,1821,11,7.3
1821-12,1821,12,0.4
1822-01,1822,1,0.0
1822-02,1822,2,1.5
1822-03,1822,3,26.9
1822-04,1822,4,21.7
1822-05,1822,5,2.4
1822-06,1822,6,9.3
1822-07,1822,7,13.2
1822-08,1822,8,3.4
1822-09,1822,9,0.0
1822-10,1822,10,0.6
1822-11,1822,11,0.0
1822-12,1822,12,0.0
1823-01,1823,1,0.0
1823-02,1823,2,0.0
1823-03,1823,3,1.0
1823-04,1823,4,0.0
1823-05,1823,5,0.0
1823-06,1823,6,0.0
1823-07,1823,7,0.8
1823-08,1823,8,0.0
1823-09,1823,9,0.0
1823-10,1823,10,0.0
1823-11,1823,11,0.0
1823-12,1823,12,34.0
1824-01,1824,1,36.0
1824-02,1824,2,18.0
1824-03,1824,3,0.0
1824-04,1824,4,32.3
1824-05,1824,5,4.6
1824-06,1824,6,0.0
1824-07,1824,7,0.0
1824-08,1824,8,2.3
1824-09,1824,9,34.3
1824-10,1824,10,42.0
1824-11,1824,11,0.0
1824-12,1824,12,1.4
1825-01,1825,1,8.4
1825-02,1825,2,25.9
1825-03,1825,3,37.4
1825-04,1825,4,6.2
1825-05,1825,5,25.8
1825-06,1825,6,25.6
1825-07,1825,7,51.5
1825-08,1825,8,42.8
1825-09,1825,9,26.2
1825-10,1825,10,26.0
1825-11,1825,11,19.6
1825-12,1825,12,36.7
1826-01,1826,1,29.4
1826-02,1826,2,30.2
1826-03,1826,3,61.3
1826-04,1826,4,40.0
1826-05,1826,5,53.9
1826-06,1826,6,61.7
1826-07,1826,7,87.5
1826-08,1826,8,66.0
1826-09,1826,9,31.6
1826-10,1826,10,84.4
1826-11,1826,11,65.8
1826-12,1826,12,113.6
1827-01,1827,1,57.7
1827-02,1827,2,79.0
1827-03,1827,3,96.3
1827-04,1827,4,76.7
1827-05,1827,5,93.8
1827-06,1827,6,94.4
1827-07,1827,7,70.4
1827-08,1827,8,89.4
1827-09,1827,9,82.6
1827-10,1827,10,93.5
1827-11,1827,11,80.4
1827-12,1827,12,76.8
1828-01,1828,1,88.0
1828-02,1828,2,107.3
1828-03,1828,3,108.5
1828-04,1828,4,101.9
1828-05,1828,5,148.6
1828-06,1828,6,163.4
1828-07,1828,7,90.4
1828-08,1828,8,127.3
1828-09,1828,9,83.9
1828-10,1828,10,91.1
1828-11,1828,11,95.0
1828-12,1828,12,78.1
1829-01,1829,1,71.6
1829-02,1829,2,82.3
1829-03,1829,3,120.6
1829-04,1829,4,158.4
1829-05,1829,5,112.3
1829-06,1829,6,123.2
1829-07,1829,7,151.5
1829-08,1829,8,129.3
1829-09,1829,9,88.0
1829-10,1829,10,95.3
1829-11,1829,11,112.7
1829-12,1829,12,94.1
1830-01,1830,1,87.0
1830-02,1830,2,120.1
1830-03,1830,3,141.0
1830-04,1830,4,177.3
1830-05,1830,5,110.5
1830-06,1830,6,108.4
1830-07,1830,7,73.2
1830-08,1830,8,84.6
1830-09,1830,9,103.4
1830-10,1830,10,140.6
1830-11,1830,11,135.4
1830-12,1830,12,136.8
1831-01,1831,1,79.0
1831-02,1831,2,83.6
1831-03,1831,3,155.8
1831-04,1831,4,90.9
1831-05,1831,5,63.4
1831-06,1831,6,55.6
1831-07,1831,7,75.4
1831-08,1831,8,91.6
1831-09,1831,9,63.2
1831-10,1831,10,77.1
1831-11,1831,11,72.5
1831-12,1831,12,48.3
1832-01,1832,1,51.5
1832-02,1832,2,92.6
1832-03,1832,3,91.9
1832-04,1832,4,44.8
1832-05,1832,5,68.9
1832-06,1832,6,44.5
1832-07,1832,7,23.3
1832-08,1832,8,14.8
1832-09,1832,9,13.7
1832-10,1832,10,35.2
1832-11,1832,11,23.8
1832-12,1832,12,45.8
1833-01,1833,1,18.7
1833-02,1833,2,24.9
1833-03,1833,3,19.6
1833-04,1833,4,4.6
1833-05,1833,5,21.5
1833-06,1833,6,1.7
1833-07,1833,7,11.6
1833-08,1833,8,9.5
1833-09,1833,9,19.3
1833-10,1833,10,12.5
1833-11,1833,11,9.8
1833-12,1833,12,16.6
1834-01,1834,1,8.2
1834-02,1834,2,30.1
1834-03,1834,3,6.5
1834-04,1834,4,2.4
1834-05,1834,5,14.8
1834-06,1834,6,13.1
1834-07,1834,7,14.4
1834-08,1834,8,6.6
1834-09,1834,9,19.2
1834-10,1834,10,41.3
1834-11,1834,11,50.9
1834-12,1834,12,57.5
1835-01,1835,1,12.4
1835-02,1835,2,40.7
1835-03,1835,3,32.7
1835-04,1835,4,102.4
1835-05,1835,5,72.6
1835-06,1835,6,55.2
1835-07,1835,7,99.6
1835-08,1835,8,98.5
1835-09,1835,9,168.0
1835-10,1835,10,158.6
1835-11,1835,11,166.7
1835-12,1835,12,129.3
1836-01,1836,1,147.6
1836-02,1836,2,179.4
1836-03,1836,3,163.7
1836-04,1836,4,238.0
1836-05,1836,5,185.7
1836-06,1836,6,207.9
1836-07,1836,7,194.6
1836-08,1836,8,179.6
1836-09,1836,9,158.5
1836-10,1836,10,228.9
1836-11,1836,11,201.5
1836-12,1836,12,343.8
1837-01,1837,1,313.4
1837-02,1837,2,292.6
1837-03,1837,3,224.3
1837-04,1837,4,230.3
1837-05,1837,5,186.1
1837-06,1837,6,263.4
1837-07,1837,7,271.2
1837-08,1837,8,223.5
1837-09,1837,9,160.4
1837-10,1837,10,206.2
1837-11,1837,11,178.4
1837-12,1837,12,216.1
1838-01,1838,1,241.5
1838-02,1838,2,141.3
1838-03,1838,3,234.5
1838-04,1838,4,211.1
1838-05,1838,5,229.4
1838-06,1838,6,157.6
1838-07,1838,7,180.4
1838-08,1838,8,131.3
1838-09,1838,9,122.7
1838-10,1838,10,151.5
1838-11,1838,11,129.2
1838-12,1838,12,132.9
1839-01,1839,1,175.9
1839-02,1839,2,170.8
1839-03,1839,3,129.5
1839-04,1839,4,102.9
1839-05,1839,5,89.6
1839-06,1839,6,91.2
1839-07,1839,7,141.3
1839-08,1839,8,218.8
1839-09,1839,9,221.1
1839-10,1839,10,151.5
1839-11,1839,11,114.7
1839-12,1839,12,106.2
1840-01,1840,1,135.4
1840-02,1840,2,146.1
1840-03,1840,3,112.9
1840-04,1840,4,109.8
1840-05,1840,5,115.4
1840-06,1840,6,80.9
1840-07,1840,7,101.0
1840-08,1840,8,96.4
1840-09,1840,9,123.3
1840-10,1840,10,91.7
1840-11,1840,11,90.4
1840-12,1840,12,89.5
1841-01,1841,1,40.1
1841-02,1841,2,49.9
1841-03,1841,3,49.6
1841-04,1841,4,66.9
1841-05,1841,5,112.4
1841-06,1841,6,92.8
1841-07,1841,7,51.4
1841-08,1841,8,65.4
1841-09,1841,9,60.9
1841-10,1841,10,47.4
1841-11,1841,11,32.9
1841-12,1841,12,64.8
1842-01,1842,1,34.0
1842-02,1842,2,36.8
1842-03,1842,3,36.2
1842-04,1842,4,44.9
1842-05,1842,5,41.4
1842-06,1842,6,34.2
1842-07,1842,7,21.0
1842-08,1842,8,44.4
1842-09,1842,9,30.6
1842-10,1842,10,63.5
1842-11,1842,11,67.5
1842-12,1842,12,29.3
1843-01,1843,1,22.2
1843-02,1843,2,5.9
1843-03,1843,3,13.9
1843-04,1843,4,15.8
1843-05,1843,5,35.1
1843-06,1843,6,17.6
1843-07,1843,7,15.9
1843-08,1843,8,19.6
1843-09,1843,9,6.9
1843-10,1843,10,8.9
1843-11,1843,11,31.7
1843-12,1843,12,21.2
1844-01,1844,1,15.7
1844-02,1844,2,24.5
1844-03,1844,3,22.5
1844-04,1844,4,34.6
1844-05,1844,5,19.2
1844-06,1844,6,6.2
1844-07,1844,7,35.2
1844-08,1844,8,39.7
1844-09,1844,9,11.6
1844-10,1844,10,35.9
1844-11,1844,11,17.9
1844-12,1844,12,36.0
1845-01,1845,1,42.8
1845-02,1845,2,72.8
1845-03,1845,3,72.1
1845-04,1845,4,95.0
1845-05,1845,5,79.7
1845-06,1845,6,51.8
1845-07,1845,7,51.0
1845-08,1845,8,53.9
1845-09,1845,9,49.3
1845-10,1845,10,67.8
1845-11,1845,11,65.7
1845-12,1845,12,99.5
1846-01,1846,1,64.6
1846-02,1846,2,84.9
1846-03,1846,3,106.5
1846-04,1846,4,115.5
1846-05,1846,5,99.9
1846-06,1846,6,108.4
1846-07,1846,7,77.5
1846-08,1846,8,91.3
1846-09,1846,9,178.6
1846-10,1846,10,93.4
1846-11,1846,11,100.6
1846-12,1846,12,109.1
1847-01,1847,1,104.4
1847-02,1847,2,74.9
1847-03,1847,3,143.0
1847-04,1847,4,74.6
1847-05,1847,5,125.7
1847-06,1847,6,142.2
1847-07,1847,7,87.1
1847-08,1847,8,234.3
1847-09,1847,9,268.2
1847-10,1847,10,300.6
1847-11,1847,11,231.5
1847-12,1847,12,182.6
1848-01,1848,1,265.2
1848-02,1848,2,186.4
1848-03,1848,3,181.2
1848-04,1848,4,178.6
1848-05,1848,5,170.5
1848-06,1848,6,214.9
1848-07,1848,7,232.0
1848-08,1848,8,220.9
1848-09,1848,9,167.3
1848-10,1848,10,220.6
1848-11,1848,11,191.0
1848-12,1848,12,265.8
1849-01,1849,1,298.3
1849-02,1849,2,250.3
1849-03,1849,3,182.7
1849-04,1849,4,194.7
1849-05,1849,5,153.2
1849-06,1849,6,154.2
1849-07,1849,7,148.2
1849-08,1849,8,128.6
1849-09,1849,9,178.0
1849-10,1849,10,135.7
1849-11,1849,11,188.2
1849-12,1849,12,184.3
1850-01,1850,1,148.2
1850-02,1850,2,169.8
1850-03,1850,3,156.8
1850-04,1850,4,83.8
1850-05,1850,5,117.0
1850-06,1850,6,133.0
1850-07,1850,7,74.3
1850-08,1850,8,117.0
1850-09,1850,9,163.7
1850-10,1850,10,134.9
1850-11,1850,11,104.1
1850-12,1850,12,115.9
1851-01,1851,1,143.5
1851-02,1851,2,200.1
1851-03,1851,3,122.8
1851-04,1851,4,107.3
1851-05,1851,5,118.9
1851-06,1851,6,120.0
1851-07,1851,7,68.6
1851-08,1851,8,109.0
1851-09,1851,9,128.9
1851-10,1851,10,118.7
1851-11,1851,11,96.8
1851-12,1851,12,135.5
1852-01,1852,1,129.9
1852-02,1852,2,126.2
1852-03,1852,3,116.2
1852-04,1852,4,124.3
1852-05,1852,5,104.3
1852-06,1852,6,89.0
1852-07,1852,7,80.0
1852-08,1852,8,75.3
1852-09,1852,9,71.2
1852-10,1852,10,127.9
1852-11,1852,11,103.1
1852-12,1852,12,86.1
1853-01,1853,1,77.9
1853-02,1853,2,81.5
1853-03,1853,3,71.6
1853-04,1853,4,90.4
1853-05,1853,5,65.9
1853-06,1853,6,76.0
1853-07,1853,7,87.2
1853-08,1853,8,95.8
1853-09,1853,9,63.7
1853-10,1853,10,80.5
1853-11,1853,11,54.7
1853-12,1853,12,44.5
1854-01,1854,1,29.3
1854-02,1854,2,38.0
1854-03,1854,3,39.4
1854-04,1854,4,50.3
1854-05,1854,5,45.6
1854-06,1854,6,40.1
1854-07,1854,7,35.5
1854-08,1854,8,30.1
1854-09,1854,9,42.6
1854-10,1854,10,24.1
1854-11,1854,11,53.5
1854-12,1854,12,41.1
1855-01,1855,1,23.4
1855-02,1855,2,21.6
1855-03,1855,3,33.0
1855-04,1855,4,8.4
1855-05,1855,5,17.3
1855-06,1855,6,10.0
1855-07,1855,7,0.7
1855-08,1855,8,5.9
1855-09,1855,9,0.0
1855-10,1855,10,18.3
1855-11,1855,11,7.9
1855-12,1855,12,5.8
1856-01,1856,1,1.0
1856-02,1856,2,9.3
1856-03,1856,3,0.7
1856-04,1856,4,12.4
1856-05,1856,5,0.0
1856-06,1856,6,9.8
1856-07,1856,7,8.8
1856-08,1856,8,11.3
1856-09,1856,9,8.4
1856-10,1856,10,8.5
1856-11,1856,11,14.7
1856-12,1856,12,13.7
1857-01,1857,1,26.0
1857-02,1857,2,14.2
1857-03,1857,3,10.0
1857-04,1857,4,21.1
1857-05,1857,5,54.2
1857-06,1857,6,30.5
1857-07,1857,7,42.2
1857-08,1857,8,32.0
1857-09,1857,9,80.6
1857-10,1857,10,77.1
1857-11,1857,11,59.6
1857-12,1857,12,70.7
1858-01,1858,1,74.2
1858-02,1858,2,66.3
1858-03,1858,3,109.2
1858-04,1858,4,72.8
1858-05,1858,5,78.6
1858-06,1858,6,84.5
1858-07,1858,7,107.7
1858-08,1858,8,104.9
1858-09,1858,9,152.2
1858-10,1858,10,173.2
1858-11,1858,11,98.6
1858-12,1858,12,127.0
1859-01,1859,1,159.0
1859-02,1859,2,166.4
1859-03,1859,3,171.5
1859-04,1859,4,162.9
1859-05,1859,5,172.8
1859-06,1859,6,165.2
1859-07,1859,7,180.7
1859-08,1859,8,203.0
1859-09,1859,9,200.9
1859-10,1859,10,217.8
1859-11,1859,11,184.6
1859-12,1859,12,153.9
1860-01,1860,1,156.6
1860-02,1860,2,167.9
1860-03,1860,3,188.0
1860-04,1860,4,135.7
1860-05,1860,5,203.5
1860-06,1860,6,206.3
1860-07,1860,7,221.9
1860-08,1860,8,190.5
1860-09,1860,9,175.2
1860-10,1860,10,171.1
1860-11,1860,11,186.0
1860-12,1860,12,181.7
1861-01,1861,1,118.5
1861-02,1861,2,147.5
1861-03,1861,3,192.0
1861-04,1861,4,187.1
1861-05,1861,5,107.8
1861-06,1861,6,167.5
1861-07,1861,7,148.2
1861-08,1861,8,156.7
1861-09,1861,9,151.9
1861-10,1861,10,127.7
1861-11,1861,11,102.0
1861-12,1861,12,152.8
1862-01,1862,1,119.9
1862-02,1862,2,122.4
1862-03,1862,3,82.7
1862-04,1862,4,102.1
1862-05,1862,5,122.4
1862-06,1862,6,159.7
1862-07,1862,7,139.5
1862-08,1862,8,118.7
1862-09,1862,9,126.4
1862-10,1862,10,79.8
1862-11,1862,11,96.0
1862-12,1862,12,77.6
1863-01,1863,1,91.8
1863-02,1863,2,107.7
1863-03,1863,3,126.0
1863-04,1863,4,77.1
1863-05,1863,5,102.1
1863-06,1863,6,77.6
1863-07,1863,7,62.0
1863-08,1863,8,91.3
1863-09,1863,9,41.7
1863-10,1863,10,75.7
1863-11,1863,11,71.6
1863-12,1863,12,78.1
1864-01,1864,1,109.7
1864-02,1864,2,89.5
1864-03,1864,3,125.9
1864-04,1864,4,68.1
1864-05,1864,5,77.1
1864-06,1864,6,109.9
1864-07,1864,7,103.8
1864-08,1864,8,104.1
1864-09,1864,9,54.2
1864-10,1864,10,64.4
1864-11,1864,11,109.3
1864-12,1864,12,54.3
1865-01,1865,1,92.5
1865-02,1865,2,74.6
1865-03,1865,3,75.0
1865-04,1865,4,55.9
1865-05,1865,5,65.6
1865-06,1865,6,63.8
1865-07,1865,7,50.8
1865-08,1865,8,71.8
1865-09,1865,9,41.0
1865-10,1865,10,32.5
1865-11,1865,11,46.7
1865-12,1865,12,24.3
1866-01,1866,1,60.0
1866-02,1866,2,72.9
1866-03,1866,3,46.6
1866-04,1866,4,33.5
1866-05,1866,5,24.6
1866-06,1866,6,31.4
1866-07,1866,7,17.6
1866-08,1866,8,24.2
1866-09,1866,9,13.9
1866-10,1866,10,26.8
1866-11,1866,11,17.2
1866-12,1866,12,2.9
1867-01,1867,1,0.0
1867-02,1867,2,1.4
1867-03,1867,3,17.4
1867-04,1867,4,9.7
1867-05,1867,5,5.5
1867-06,1867,6,2.8
1867-07,1867,7,9.5
1867-08,1867,8,9.1
1867-09,1867,9,18.7
1867-10,1867,10,25.5
1867-11,1867,11,18.1
1867-12,1867,12,47.9
1868-01,1868,1,25.9
1868-02,1868,2,26.3
1868-03,1868,3,44.0
1868-04,1868,4,61.1
1868-05,1868,5,44.5
1868-06,1868,6,51.8
1868-07,1868,7,48.3
1868-08,1868,8,57.3
1868-09,1868,9,78.7
1868-10,1868,10,102.8
1868-11,1868,11,98.7
1868-12,1868,12,112.8
1869-01,1869,1,101.6
1869-02,1869,2,99.9
1869-03,1869,3,88.0
1869-04,1869,4,68.4
1869-05,1869,5,173.4
1869-06,1869,6,180.7
1869-07,1869,7,98.8
1869-08,1869,8,132.7
1869-09,1869,9,134.5
1869-10,1869,10,99.0
1869-11,1869,11,130.2
1869-12,1869,12,174.1
1870-01,1870,1,129.0
1870-02,1870,2,191.7
1870-03,1870,3,262.7
1870-04,1870,4,266.9
1870-05,1870,5,293.6
1870-06,1870,6,226.3
1870-07,1870,7,220.9
1870-08,1870,8,256.5
1870-09,1870,9,226.8
1870-10,1870,10,244.3
1870-11,1870,11,246.0
1870-12,1870,12,216.7
1871-01,1871,1,147.2
1871-02,1871,2,209.0
1871-03,1871,3,238.7
1871-04,1871,4,270.9
1871-05,1871,5,242.6
1871-06,1871,6,152.9
1871-07,1871,7,171.8
1871-08,1871,8,183.7
1871-09,1871,9,133.9
1871-10,1871,10,148.5
1871-11,1871,11,175.7
1871-12,1871,12,150.8
1872-01,1872,1,132.7
1872-02,1872,2,200.3
1872-03,1872,3,147.5
1872-04,1872,4,170.4
1872-05,1872,5,179.5
1872-06,1872,6,183.3
1872-07,1872,7,176.0
1872-08,1872,8,155.0
1872-09,1872,9,191.1
1872-10,1872,10,171.2
1872-11,1872,11,186.8
1872-12,1872,12,139.9
1873-01,1873,1,144.6
1873-02,1873,2,178.4
1873-03,1873,3,164.0
1873-04,1873,4,127.1
1873-05,1873,5,80.0
1873-06,1873,6,74.8
1873-07,1873,7,111.7
1873-08,1873,8,113.8
1873-09,1873,9,78.7
1873-10,1873,10,78.6
1873-11,1873,11,92.5
1873-12,1873,12,82.0
1874-01,1874,1,101.4
1874-02,1874,2,107.1
1874-03,1874,3,77.5
1874-04,1874,4,53.5
1874-05,1874,5,74.6
1874-06,1874,6,63.8
1874-07,1874,7,113.2
1874-08,1874,8,102.3
1874-09,1874,9,46.8
1874-10,1874,10,57.4
1874-11,1874,11,48.2
1874-12,1874,12,48.8
1875-01,1875,1,24.4
1875-02,1875,2,35.9
1875-03,1875,3,56.4
1875-04,1875,4,48.6
1875-05,1875,5,19.2
1875-06,1875,6,39.9
1875-07,1875,7,20.9
1875-08,1875,8,24.4
1875-09,1875,9,4.0
1875-10,1875,10,21.3
1875-11,1875,11,29.6
1875-12,1875,12,16.5
1876-01,1876,1,23.9
1876-02,1876,2,25.1
1876-03,1876,3,51.1
1876-04,1876,4,3.9
1876-05,1876,5,8.5
1876-06,1876,6,2.7
1876-07,1876,7,25.5
1876-08,1876,8,14.8
1876-09,1876,9,16.6
1876-10,1876,10,23.9
1876-11,1876,11,16.6
1876-12,1876,12,13.6
1877-01,1877,1,40.6
1877-02,1877,2,14.5
1877-03,1877,3,19.9
1877-04,1877,4,26.3
1877-05,1877,5,36.1
1877-06,1877,6,23.6
1877-07,1877,7,10.0
1877-08,1877,8,10.5
1877-09,1877,9,28.1
1877-10,1877,10,11.2
1877-11,1877,11,23.6
1877-12,1877,12,3.5
1878-01,1878,1,5.5
1878-02,1878,2,11.0
1878-03,1878,3,13.1
1878-04,1878,4,0.2
1878-05,1878,5,9.9
1878-06,1878,6,10.7
1878-07,1878,7,0.2
1878-08,1878,8,0.0
1878-09,1878,9,8.8
1878-10,1878,10,1.9
1878-11,1878,11,6.8
1878-12,1878,12,0.9
1879-01,1879,1,1.6
1879-02,1879,2,0.9
1879-03,1879,3,0.0
1879-04,1879,4,10.4
1879-05,1879,5,4.0
1879-06,1879,6,8.0
1879-07,1879,7,12.6
1879-08,1879,8,17.9
1879-09,1879,9,10.1
1879-10,1879,10,20.4
1879-11,1879,11,21.9
1879-12,1879,12,12.2
1880-01,1880,1,40.1
1880-02,1880,2,45.4
1880-03,1880,3,32.1
1880-04,1880,4,32.4
1880-05,1880,5,39.1
1880-06,1880,6,56.9
1880-07,1880,7,36.5
1880-08,1880,8,80.3
1880-09,1880,9,110.1
1880-10,1880,10,71.7
1880-11,1880,11,51.1
1880-12,1880,12,49.4
1881-01,1881,1,60.6
1881-02,1881,2,88.6
1881-03,1881,3,85.8
1881-04,1881,4,86.1
1881-05,1881,5,72.5
1881-06,1881,6,100.8
1881-07,1881,7,128.2
1881-08,1881,8,97.3
1881-09,1881,9,88.6
1881-10,1881,10,107.3
1881-11,1881,11,91.5
1881-12,1881,12,78.8
1882-01,1882,1,75.0
1882-02,1882,2,115.9
1882-03,1882,3,111.5
1882-04,1882,4,159.6
1882-05,1882,5,106.9
1882-06,1882,6,75.4
1882-07,1882,7,75.7
1882-08,1882,8,67.5
1882-09,1882,9,96.1
1882-10,1882,10,98.6
1882-11,1882,11,140.6
1882-12,1882,12,69.7
1883-01,1883,1,101.0
1883-02,1883,2,78.2
1883-03,1883,3,71.3
1883-04,1883,4,136.8
1883-05,1883,5,52.5
1883-06,1883,6,127.2
1883-07,1883,7,134.4
1883-08,1883,8,76.6
1883-09,1883,9,87.8
1883-10,1883,10,139.6
1883-11,1883,11,140.8
1883-12,1883,12,126.5
1884-01,1884,1,152.6
1884-02,1884,2,144.8
1884-03,1884,3,145.8
1884-04,1884,4,126.9
1884-05,1884,5,110.9
1884-06,1884,6,85.3
1884-07,1884,7,88.5
1884-08,1884,8,93.1
1884-09,1884,9,103.1
1884-10,1884,10,79.6
1884-11,1884,11,60.9
1884-12,1884,12,78.6
1885-01,1885,1,71.4
1885-02,1885,2,119.7
1885-03,1885,3,82.9
1885-04,1885,4,91.7
1885-05,1885,5,121.6
1885-06,1885,6,139.5
1885-07,1885,7,110.9
1885-08,1885,8,83.5
1885-09,1885,9,66.0
1885-10,1885,10,64.5
1885-11,1885,11,51.6
1885-12,1885,12,36.3
1886-01,1886,1,49.8
1886-02,1886,2,43.2
1886-03,1886,3,95.5
1886-04,1886,4,72.9
1886-05,1886,5,51.2
1886-06,1886,6,45.3
1886-07,1886,7,50.4
1886-08,1886,8,28.1
1886-09,1886,9,35.7
1886-10,1886,10,14.4
1886-11,1886,11,0.6
1886-12,1886,12,21.7
1887-01,1887,1,17.0
1887-02,1887,2,22.0
1887-03,1887,3,7.1
1887-04,1887,4,11.6
1887-05,1887,5,33.4
1887-06,1887,6,26.1
1887-07,1887,7,38.9
1887-08,1887,8,35.7
1887-09,1887,9,12.4
1887-10,1887,10,11.0
1887-11,1887,11,11.5
1887-12,1887,12,34.5
1888-01,1888,1,21.2
1888-02,1888,2,11.8
1888-03,1888,3,13.1
1888-04,1888,4,8.5
1888-05,1888,5,11.7
1888-06,1888,6,11.8
1888-07,1888,7,5.0
1888-08,1888,8,4.6
1888-09,1888,9,14.6
1888-10,1888,10,3.4
1888-11,1888,11,17.9
1888-12,1888,12,11.1
1889-01,1889,1,1.3
1889-02,1889,2,14.2
1889-03,1889,3,11.1
1889-04,1889,4,7.3
1889-05,1889,5,4.0
1889-06,1889,6,10.8
1889-07,1889,7,15.8
1889-08,1889,8,34.3
1889-09,1889,9,10.9
1889-10,1889,10,3.4
1889-11,1889,11,0.3
1889-12,1889,12,11.2
1890-01,1890,1,8.8
1890-02,1890,2,1.1
1890-03,1890,3,8.5
1890-04,1890,4,2.7
1890-05,1890,5,7.9
1890-06,1890,6,2.2
1890-07,1890,7,19.3
1890-08,1890,8,14.2
1890-09,1890,9,28.6
1890-10,1890,10,18.6
1890-11,1890,11,15.9
1890-12,1890,12,13.1
1891-01,1891,1,22.5
1891-02,1891,2,36.9
1891-03,1891,3,17.2
1891-04,1891,4,34.2
1891-05,1891,5,68.5
1891-06,1891,6,80.4
1891-07,1891,7,98.0
1891-08,1891,8,55.1
1891-09,1891,9,89.7
1891-10,1891,10,86.0
1891-11,1891,11,69.8
1891-12,1891,12,54.3
1892-01,1892,1,115.2
1892-02,1892,2,126.1
1892-03,1892,3,83.3
1892-04,1892,4,116.0
1892-05,1892,5,132.7
1892-06,1892,6,127.3
1892-07,1892,7,127.6
1892-08,1892,8,169.0
1892-09,1892,9,104.7
1892-10,1892,10,117.5
1892-11,1892,11,108.9
1892-12,1892,12,131.0
1893-01,1893,1,125.0
1893-02,1893,2,121.6
1893-03,1893,3,109.5
1893-04,1893,4,146.8
1893-05,1893,5,141.3
1893-06,1893,6,149.8
1893-07,1893,7,147.6
1893-08,1893,8,215.4
1893-09,1893,9,129.9
1893-10,1893,10,133.3
1893-11,1893,11,125.2
1893-12,1893,12,156.4
1894-01,1894,1,138.6
1894-02,1894,2,141.0
1894-03,1894,3,87.1
1894-04,1894,4,136.0
1894-05,1894,5,168.7
1894-06,1894,6,164.8
1894-07,1894,7,176.7
1894-08,1894,8,117.1
1894-09,1894,9,110.0
1894-10,1894,10,125.7
1894-11,1894,11,94.3
1894-12,1894,12,100.1
1895-01,1895,1,105.4
1895-02,1895,2,112.0
1895-03,1895,3,101.6
1895-04,1895,4,128.2
1895-05,1895,5,112.5
1895-06,1895,6,119.1
1895-07,1895,7,79.7
1895-08,1895,8,114.9
1895-09,1895,9,96.1
1895-10,1895,10,113.2
1895-11,1895,11,78.6
1895-12,1895,12,117.9
1896-01,1896,1,48.4
1896-02,1896,2,95.7
1896-03,1896,3,86.5
1896-04,1896,4,73.0
1896-05,1896,5,46.1
1896-06,1896,6,81.7
1896-07,1896,7,75.2
1896-08,1896,8,45.4
1896-09,1896,9,102.2
1896-10,1896,10,47.9
1896-11,1896,11,63.3
1896-12,1896,12,71.0
1897-01,1897,1,67.6
1897-02,1897,2,49.0
1897-03,1897,3,48.7
1897-04,1897,4,51.7
1897-05,1897,5,33.3
1897-06,1897,6,18.9
1897-07,1897,7,46.1
1897-08,1897,8,36.4
1897-09,1897,9,80.4
1897-10,1897,10,23.9
1897-11,1897,11,14.0
1897-12,1897,12,55.5
1898-01,1898,1,50.4
1898-02,1898,2,60.7
1898-03,1898,3,63.9
1898-04,1898,4,24.2
1898-05,1898,5,43.0
1898-06,1898,6,37.1
1898-07,1898,7,15.0
1898-08,1898,8,52.3
1898-09,1898,9,58.1
1898-10,1898,10,57.1
1898-11,1898,11,51.6
1898-12,1898,12,21.1
1899-01,1899,1,32.4
1899-02,1899,2,15.3
1899-03,1899,3,30.3
1899-04,1899,4,23.6
1899-05,1899,5,12.9
1899-06,1899,6,34.1
1899-07,1899,7,22.5
1899-08,1899,8,4.9
1899-09,1899,9,14.0
1899-10,1899,10,21.7
1899-11,1899,11,13.0
1899-12,1899,12,17.6
1900-01,1900,1,15.7
1900-02,1900,2,22.8
1900-03,1900,3,14.4
1900-04,1900,4,26.8
1900-05,1900,5,25.3
1900-06,1900,6,20.1
1900-07,1900,7,13.9
1900-08,1900,8,7.1
1900-09,1900,9,13.9
1900-10,1900,10,21.6
1900-11,1900,11,7.5
1900-12,1900,12,0.5
1901-01,1901,1,0.4
1901-02,1901,2,4.0
1901-03,1901,3,7.4
1901-04,1901,4,0.0
1901-05,1901,5,17.0
1901-06,1901,6,9.7
1901-07,1901,7,1.2
1901-08,1901,8,1.7
1901-09,1901,9,0.9
1901-10,1901,10,6.3
1901-11,1901,11,6.4
1901-12,1901,12,0.0
1902-01,1902,1,9.3
1902-02,1902,2,0.0
1902-03,1902,3,20.7
1902-04,1902,4,0.0
1902-05,1902,5,4.7
1902-06,1902,6,2.4
1902-07,1902,7,1.5
1902-08,1902,8,3.8
1902-09,1902,9,12.6
1902-10,1902,10,27.2
1902-11,1902,11,17.2
1902-12,1902,12,1.8
1903-01,1903,1,13.9
1903-02,1903,2,28.4
1903-03,1903,3,22.5
1903-04,1903,4,43.5
1903-05,1903,5,24.3
1903-06,1903,6,27.2
1903-07,1903,7,46.4
1903-08,1903,8,48.0
1903-09,1903,9,18.5
1903-10,1903,10,64.8
1903-11,1903,11,74.2
1903-12,1903,12,76.2
1904-01,1904,1,52.6
1904-02,1904,2,40.8
1904-03,1904,3,61.9
1904-04,1904,4,71.6
1904-05,1904,5,65.7
1904-06,1904,6,69.8
1904-07,1904,7,84.3
1904-08,1904,8,97.1
1904-09,1904,9,50.2
1904-10,1904,10,90.4
1904-11,1904,11,63.4
1904-12,1904,12,91.1
1905-01,1905,1,91.2
1905-02,1905,2,143.0
1905-03,1905,3,94.3
1905-04,1905,4,65.5
1905-05,1905,5,79.9
1905-06,1905,6,81.6
1905-07,1905,7,121.6
1905-08,1905,8,98.1
1905-09,1905,9,91.8
1905-10,1905,10,131.2
1905-11,1905,11,178.7
1905-12,1905,12,92.5
1906-01,1906,1,75.8
1906-02,1906,2,52.3
1906-03,1906,3,107.4
1906-04,1906,4,92.2
1906-05,1906,5,96.2
1906-06,1906,6,105.3
1906-07,1906,7,172.7
1906-08,1906,8,79.6
1906-09,1906,9,93.5
1906-10,1906,10,29.7
1906-11,1906,11,64.8
1906-12,1906,12,108.0
1907-01,1907,1,127.4
1907-02,1907,2,180.3
1907-03,1907,3,101.1
1907-04,1907,4,87.6
1907-05,1907,5,71.4
1907-06,1907,6,67.2
1907-07,1907,7,82.9
1907-08,1907,8,90.5
1907-09,1907,9,141.7
1907-10,1907,10,109.1
1907-11,1907,11,102.5
1907-12,1907,12,78.9
1908-01,1908,1,65.4
1908-02,1908,2,56.6
1908-03,1908,3,47.9
1908-04,1908,4,96.1
1908-05,1908,5,68.0
1908-06,1908,6,80.2
1908-07,1908,7,65.8
1908-08,1908,8,150.9
1908-09,1908,9,144.9
1908-10,1908,10,53.9
1908-11,1908,11,75.9
1908-12,1908,12,65.9
1909-01,1909,1,94.6
1909-02,1909,2,77.6
1909-03,1909,3,110.5
1909-04,1909,4,53.7
1909-05,1909,5,60.0
1909-06,1909,6,37.8
1909-07,1909,7,59.6
1909-08,1909,8,38.5
1909-09,1909,9,64.7
1909-10,1909,10,97.4
1909-11,1909,11,93.0
1909-12,1909,12,90.2
1910-01,1910,1,44.0
1910-02,1910,2,52.5
1910-03,1910,3,35.7
1910-04,1910,4,14.1
1910-05,1910,5,36.9
1910-06,1910,6,20.5
1910-07,1910,7,23.5
1910-08,1910,8,19.3
1910-09,1910,9,43.7
1910-10,1910,10,63.9
1910-11,1910,11,8.3
1910-12,1910,12,9.6
1911-01,1911,1,5.6
1911-02,1911,2,15.0
1911-03,1911,3,13.0
1911-04,1911,4,27.6
1911-05,1911,5,15.1
1911-06,1911,6,3.7
1911-07,1911,7,5.9
1911-08,1911,8,6.7
1911-09,1911,9,6.7
1911-10,1911,10,4.5
1911-11,1911,11,7.0
1911-12,1911,12,3.7
1912-01,1912,1,0.4
1912-02,1912,2,0.0
1912-03,1912,3,8.2
1912-04,1912,4,7.6
1912-05,1912,5,7.4
1912-06,1912,6,6.9
1912-07,1912,7,4.9
1912-08,1912,8,0.5
1912-09,1912,9,15.9
1912-10,1912,10,7.6
1912-11,1912,11,1.9
1912-12,1912,12,10.6
1913-01,1913,1,3.8
1913-02,1913,2,4.8
1913-03,1913,3,0.8
1913-04,1913,4,1.6
1913-05,1913,5,0.0
1913-06,1913,6,0.0
1913-07,1913,7,2.9
1913-08,1913,8,0.4
1913-09,1913,9,2.0
1913-10,1913,10,5.2
1913-11,1913,11,1.2
1913-12,1913,12,6.3
1914-01,1914,1,4.7
1914-02,1914,2,4.4
1914-03,1914,3,5.3
1914-04,1914,4,28.9
1914-05,1914,5,8.7
1914-06,1914,6,19.1
1914-07,1914,7,9.1
1914-08,1914,8,12.9
1914-09,1914,9,21.2
1914-10,1914,10,13.7
1914-11,1914,11,27.3
1914-12,1914,12,37.3
1915-01,1915,1,38.5
1915-02,1915,2,70.4
1915-03,1915,3,64.8
1915-04,1915,4,68.9
1915-05,1915,5,55.1
1915-06,1915,6,114.7
1915-07,1915,7,119.4
1915-08,1915,8,116.0
1915-09,1915,9,82.4
1915-10,1915,10,89.1
1915-11,1915,11,70.9
1915-12,1915,12,57.5
1916-01,1916,1,75.5
1916-02,1916,2,92.4
1916-03,1916,3,111.7
1916-04,1916,4,119.8
1916-05,1916,5,124.0
1916-06,1916,6,112.9
1916-07,1916,7,89.3
1916-08,1916,8,58.6
1916-09,1916,9,75.1
1916-10,1916,10,84.5
1916-11,1916,11,109.5
1916-12,1916,12,88.3
1917-01,1917,1,124.5
1917-02,1917,2,119.9
1917-03,1917,3,158.0
1917-04,1917,4,124.6
1917-05,1917,5,190.2
1917-06,1917,6,191.4
1917-07,1917,7,199.7
1917-08,1917,8,257.7
1917-09,1917,9,215.6
1917-10,1917,10,120.3
1917-11,1917,11,160.7
1917-12,1917,12,215.5
1918-01,1918,1,160.0
1918-02,1918,2,108.7
1918-03,1918,3,120.4
1918-04,1918,4,134.1
1918-05,1918,5,127.9
1918-06,1918,6,99.0
1918-07,1918,7,179.5
1918-08,1918,8,169.6
1918-09,1918,9,133.2
1918-10,1918,10,141.7
1918-11,1918,11,139.0
1918-12,1918,12,98.5
1919-01,1919,1,80.2
1919-02,1919,2,132.5
1919-03,1919,3,110.9
1919-04,1919,4,86.3
1919-05,1919,5,146.9
1919-06,1919,6,185.3
1919-07,1919,7,107.8
1919-08,1919,8,115.1
1919-09,1919,9,91.1
1919-10,1919,10,88.0
1919-11,1919,11,69.9
1919-12,1919,12,58.0
1920-01,1920,1,85.3
1920-02,1920,2,89.8
1920-03,1920,3,116.9
1920-04,1920,4,24.7
1920-05,1920,5,55.4
1920-06,1920,6,64.6
1920-07,1920,7,45.7
1920-08,1920,8,31.9
1920-09,1920,9,60.5
1920-10,1920,10,82.7
1920-11,1920,11,45.3
1920-12,1920,12,49.8
1921-01,1921,1,52.5
1921-02,1921,2,47.1
1921-03,1921,3,44.5
1921-04,1921,4,54.0
1921-05,1921,5,37.0
1921-06,1921,6,56.2
1921-07,1921,7,69.7
1921-08,1921,8,38.0
1921-09,1921,9,29.6
1921-10,1921,10,30.3
1921-11,1921,11,29.6
1921-12,1921,12,33.9
1922-01,1922,1,19.7
1922-02,1922,2,43.9
1922-03,1922,3,91.3
1922-04,1922,4,18.3
1922-05,1922,5,13.4
1922-06,1922,6,9.8
1922-07,1922,7,18.3
1922-08,1922,8,10.9
1922-09,1922,9,7.8
1922-10,1922,10,10.4
1922-11,1922,11,12.2
1922-12,1922,12,29.0
1923-01,1923,1,7.5
1923-02,1923,2,2.5
1923-03,1923,3,5.5
1923-04,1923,4,10.2
1923-05,1923,5,5.3
1923-06,1923,6,15.3
1923-07,1923,7,5.9
1923-08,1923,8,0.8
1923-09,1923,9,22.1
1923-10,1923,10,19.5
1923-11,1923,11,16.7
1923-12,1923,12,4.6
1924-01,1924,1,0.8
1924-02,1924,2,8.5
1924-03,1924,3,3.0
1924-04,1924,4,18.9
1924-05,1924,5,34.6
1924-06,1924,6,40.0
1924-07,1924,7,46.9
1924-08,1924,8,32.1
1924-09,1924,9,41.9
1924-10,1924,10,42.6
1924-11,1924,11,37.5
1924-12,1924,12,27.5
1925-01,1925,1,9.1
1925-02,1925,2,38.6
1925-03,1925,3,30.0
1925-04,1925,4,53.0
1925-05,1925,5,71.4
1925-06,1925,6,79.1
1925-07,1925,7,64.2
1925-08,1925,8,63.3
1925-09,1925,9,100.3
1925-10,1925,10,115.3
1925-11,1925,11,97.6
1925-12,1925,12,164.4
1926-01,1926,1,119.7
1926-02,1926,2,116.4
1926-03,1926,3,104.2
1926-04,1926,4,64.2
1926-05,1926,5,107.0
1926-06,1926,6,122.4
1926-07,1926,7,87.2
1926-08,1926,8,102.7
1926-09,1926,9,101.4
1926-10,1926,10,119.3
1926-11,1926,11,100.8
1926-12,1926,12,132.4
1927-01,1927,1,136.0
1927-02,1927,2,155.1
1927-03,1927,3,116.1
1927-04,1927,4,155.8
1927-05,1927,5,131.9
1927-06,1927,6,98.5
1927-07,1927,7,91.6
1927-08,1927,8,89.6
1927-09,1927,9,114.1
1927-10,1927,10,105.2
1927-11,1927,11,112.1
1927-12,1927,12,75.3
1928-01,1928,1,139.2
1928-02,1928,2,122.4
1928-03,1928,3,142.4
1928-04,1928,4,134.3
1928-05,1928,5,128.3
1928-06,1928,6,152.4
1928-07,1928,7,163.4
1928-08,1928,8,139.6
1928-09,1928,9,149.6
1928-10,1928,10,102.3
1928-11,1928,11,83.9
1928-12,1928,12,98.3
1929-01,1929,1,114.8
1929-02,1929,2,104.7
1929-03,1929,3,83.8
1929-04,1929,4,87.9
1929-05,1929,5,97.0
1929-06,1929,6,119.9
1929-07,1929,7,117.1
1929-08,1929,8,109.6
1929-09,1929,9,57.3
1929-10,1929,10,90.1
1929-11,1929,11,135.1
1929-12,1929,12,179.9
1930-01,1930,1,108.8
1930-02,1930,2,83.1
1930-03,1930,3,58.4
1930-04,1930,4,63.7
1930-05,1930,5,61.4
1930-06,1930,6,48.0
1930-07,1930,7,36.5
1930-08,1930,8,41.5
1930-09,1930,9,53.5
1930-10,1930,10,57.2
1930-11,1930,11,59.4
1930-12,1930,12,43.0
1931-01,1931,1,24.4
1931-02,1931,2,71.8
1931-03,1931,3,50.1
1931-04,1931,4,52.0
1931-05,1931,5,40.8
1931-06,1931,6,25.5
1931-07,1931,7,29.0
1931-08,1931,8,21.6
1931-09,1931,9,31.7
1931-10,1931,10,16.6
1931-11,1931,11,31.2
1931-12,1931,12,29.7
1932-01,1932,1,20.1
1932-02,1932,2,17.6
1932-03,1932,3,18.8
1932-04,1932,4,18.7
1932-05,1932,5,29.7
1932-06,1932,6,36.9
1932-07,1932,7,16.0
1932-08,1932,8,11.3
1932-09,1932,9,6.6
1932-10,1932,10,14.8
1932-11,1932,11,13.7
1932-12,1932,12,18.5
1933-01,1933,1,20.4
1933-02,1933,2,36.9
1933-03,1933,3,16.8
1933-04,1933,4,4.9
1933-05,1933,5,5.3
1933-06,1933,6,8.7
1933-07,1933,7,4.7
1933-08,1933,8,0.4
1933-09,1933,9,8.5
1933-10,1933,10,5.0
1933-11,1933,11,1.0
1933-12,1933,12,0.4
1934-01,1934,1,5.7
1934-02,1934,2,12.9
1934-03,1934,3,7.2
1934-04,1934,4,18.8
1934-05,1934,5,32.9
1934-06,1934,6,11.2
1934-07,1934,7,15.3
1934-08,1934,8,13.9
1934-09,1934,9,6.7
1934-10,1934,10,9.5
1934-11,1934,11,14.5
1934-12,1934,12,25.7
1935-01,1935,1,31.1
1935-02,1935,2,34.1
1935-03,1935,3,38.5
1935-04,1935,4,20.4
1935-05,1935,5,45.4
1935-06,1935,6,76.2
1935-07,1935,7,56.5
1935-08,1935,8,50.2
1935-09,1935,9,70.1
1935-10,1935,10,88.7
1935-11,1935,11,107.0
1935-12,1935,12,102.5
1936-01,1936,1,104.7
1936-02,1936,2,123.9
1936-03,1936,3,128.4
1936-04,1936,4,124.8
1936-05,1936,5,90.9
1936-06,1936,6,116.7
1936-07,1936,7,87.2
1936-08,1936,8,145.0
1936-09,1936,9,126.7
1936-10,1936,10,148.2
1936-11,1936,11,192.3
1936-12,1936,12,205.6
1937-01,1937,1,220.9
1937-02,1937,2,214.1
1937-03,1937,3,139.7
1937-04,1937,4,182.2
1937-05,1937,5,194.4
1937-06,1937,6,217.1
1937-07,1937,7,241.8
1937-08,1937,8,229.5
1937-09,1937,9,167.9
1937-10,1937,10,208.2
1937-11,1937,11,123.9
1937-12,1937,12,147.9
1938-01,1938,1,164.0
1938-02,1938,2,198.6
1938-03,1938,3,144.2
1938-04,1938,4,168.4
1938-05,1938,5,212.3
1938-06,1938,6,162.6
1938-07,1938,7,275.6
1938-08,1938,8,192.8
1938-09,1938,9,149.3
1938-10,1938,10,165.3
1938-11,1938,11,203.6
1938-12,1938,12,154.7
1939-01,1939,1,133.9
1939-02,1939,2,129.0
1939-03,1939,3,107.8
1939-04,1939,4,181.9
1939-05,1939,5,197.3
1939-06,1939,6,168.3
1939-07,1939,7,162.6
1939-08,1939,8,176.3
1939-09,1939,9,187.7
1939-10,1939,10,146.9
1939-11,1939,11,113.7
1939-12,1939,12,70.2
1940-01,1940,1,84.1
1940-02,1940,2,99.1
1940-03,1940,3,138.9
1940-04,1940,4,101.1
1940-05,1940,5,90.6
1940-06,1940,6,139.8
1940-07,1940,7,112.5
1940-08,1940,8,175.9
1940-09,1940,9,110.8
1940-10,1940,10,91.5
1940-11,1940,11,97.4
1940-12,1940,12,113.8
1941-01,1941,1,76.1
1941-02,1941,2,74.3
1941-03,1941,3,77.5
1941-04,1941,4,54.6
1941-05,1941,5,49.0
1941-06,1941,6,99.6
1941-07,1941,7,111.4
1941-08,1941,8,100.1
1941-09,1941,9,109.8
1941-10,1941,10,77.2
1941-11,1941,11,64.0
1941-12,1941,12,56.2
1942-01,1942,1,59.5
1942-02,1942,2,87.9
1942-03,1942,3,90.4
1942-04,1942,4,101.2
1942-05,1942,5,41.8
1942-06,1942,6,18.9
1942-07,1942,7,29.6
1942-08,1942,8,33.7
1942-09,1942,9,28.7
1942-10,1942,10,32.0
1942-11,1942,11,51.3
1942-12,1942,12,37.6
1943-01,1943,1,20.7
1943-02,1943,2,48.1
1943-03,1943,3,45.7
1943-04,1943,4,43.5
1943-05,1943,5,23.6
1943-06,1943,6,12.7
1943-07,1943,7,22.0
1943-08,1943,8,32.3
1943-09,1943,9,16.7
1943-10,1943,10,13.0
1943-11,1943,11,17.0
1943-12,1943,12,31.4
1944-01,1944,1,6.1
1944-02,1944,2,0.8
1944-03,1944,3,18.3
1944-04,1944,4,0.4
1944-05,1944,5,4.1
1944-06,1944,6,8.2
1944-07,1944,7,8.5
1944-08,1944,8,27.9
1944-09,1944,9,23.7
1944-10,1944,10,28.1
1944-11,1944,11,17.9
1944-12,1944,12,47.4
1945-01,1945,1,30.8
1945-02,1945,2,21.2
1945-03,1945,3,35.9
1945-04,1945,4,53.4
1945-05,1945,5,51.0
1945-06,1945,6,60.2
1945-07,1945,7,71.0
1945-08,1945,8,43.1
1945-09,1945,9,58.1
1945-10,1945,10,114.5
1945-11,1945,11,76.6
1945-12,1945,12,45.7
1946-01,1946,1,79.3
1946-02,1946,2,143.8
1946-03,1946,3,127.7
1946-04,1946,4,126.1
1946-05,1946,5,141.6
1946-06,1946,6,122.6
1946-07,1946,7,193.7
1946-08,1946,8,178.7
1946-09,1946,9,157.4
1946-10,1946,10,170.5
1946-11,1946,11,206.3
1946-12,1946,12,202.9
1947-01,1947,1,163.7
1947-02,1947,2,188.9
1947-03,1947,3,183.8
1947-04,1947,4,212.1
1947-05,1947,5,285.0
1947-06,1947,6,232.1
1947-07,1947,7,223.5
1947-08,1947,8,267.4
1947-09,1947,9,239.9
1947-10,1947,10,231.7
1947-11,1947,11,181.3
1947-12,1947,12,164.9
1948-01,1948,1,153.6
1948-02,1948,2,122.0
1948-03,1948,3,134.3
1948-04,1948,4,268.5
1948-05,1948,5,246.4
1948-06,1948,6,237.5
1948-07,1948,7,201.4
1948-08,1948,8,223.7
1948-09,1948,9,202.9
1948-10,1948,10,192.9
1948-11,1948,11,135.6
1948-12,1948,12,195.3
1949-01,1949,1,168.6
1949-02,1949,2,258.0
1949-03,1949,3,223.0
1949-04,1949,4,208.1
1949-05,1949,5,150.4
1949-06,1949,6,172.4
1949-07,1949,7,178.3
1949-08,1949,8,175.3
1949-09,1949,9,205.8
1949-10,1949,10,186.3
1949-11,1949,11,203.2
1949-12,1949,12,166.6
1950-01,1950,1,143.9
1950-02,1950,2,134.3
1950-03,1950,3,155.4
1950-04,1950,4,160.6
1950-05,1950,5,150.5
1950-06,1950,6,118.3
1950-07,1950,7,128.9
1950-08,1950,8,120.6
1950-09,1950,9,72.7
1950-10,1950,10,87.0
1950-11,1950,11,77.7
1950-12,1950,12,76.7
1951-01,1951,1,85.0
1951-02,1951,2,84.8
1951-03,1951,3,79.3
1951-04,1951,4,131.7
1951-05,1951,5,153.7
1951-06,1951,6,142.4
1951-07,1951,7,87.2
1951-08,1951,8,86.5
1951-09,1951,9,117.7
1951-10,1951,10,73.3
1951-11,1951,11,74.2
1951-12,1951,12,65.0
1952-01,1952,1,57.9
1952-02,1952,2,32.4
1952-03,1952,3,31.5
1952-04,1952,4,41.7
1952-05,1952,5,33.6
1952-06,1952,6,52.0
1952-07,1952,7,56.1
1952-08,1952,8,77.8
1952-09,1952,9,40.4
1952-10,1952,10,34.2
1952-11,1952,11,31.8
1952-12,1952,12,48.9
1953-01,1953,1,37.9
1953-02,1953,2,5.9
1953-03,1953,3,14.7
1953-04,1953,4,39.6
1953-05,1953,5,18.3
1953-06,1953,6,31.5
1953-07,1953,7,12.7
1953-08,1953,8,33.6
1953-09,1953,9,28.0
1953-10,1953,10,12.3
1953-11,1953,11,2.5
1953-12,1953,12,3.9
1954-01,1954,1,0.4
1954-02,1954,2,0.8
1954-03,1954,3,15.8
1954-04,1954,4,2.7
1954-05,1954,5,1.2
1954-06,1954,6,0.4
1954-07,1954,7,7.3
1954-08,1954,8,12.6
1954-09,1954,9,2.3
1954-10,1954,10,10.5
1954-11,1954,11,13.4
1954-12,1954,12,11.3
1955-01,1955,1,33.4
1955-02,1955,2,29.9
1955-03,1955,3,7.3
1955-04,1955,4,16.4
1955-05,1955,5,41.3
1955-06,1955,6,45.2
1955-07,1955,7,38.2
1955-08,1955,8,58.0
1955-09,1955,9,60.8
1955-10,1955,10,83.0
1955-11,1955,11,126.3
1955-12,1955,12,108.8
1956-01,1956,1,104.1
1956-02,1956,2,175.6
1956-03,1956,3,167.7
1956-04,1956,4,156.7
1956-05,1956,5,193.4
1956-06,1956,6,165.1
1956-07,1956,7,182.7
1956-08,1956,8,240.2
1956-09,1956,9,245.4
1956-10,1956,10,219.9
1956-11,1956,11,285.0
1956-12,1956,12,272.0
1957-01,1957,1,233.7
1957-02,1957,2,184.5
1957-03,1957,3,222.8
1957-04,1957,4,248.0
1957-05,1957,5,233.0
1957-06,1957,6,284.3
1957-07,1957,7,265.1
1957-08,1957,8,223.7
1957-09,1957,9,334.0
1957-10,1957,10,359.4
1957-11,1957,11,298.6
1957-12,1957,12,339.0
1958-01,1958,1,286.7
1958-02,1958,2,233.6
1958-03,1958,3,270.0
1958-04,1958,4,277.6
1958-05,1958,5,248.2
1958-06,1958,6,242.9
1958-07,1958,7,271.0
1958-08,1958,8,283.5
1958-09,1958,9,285.1
1958-10,1958,10,256.9
1958-11,1958,11,215.6
1958-12,1958,12,265.7
1959-01,1959,1,307.7
1959-02,1959,2,202.6
1959-03,1959,3,263.0
1959-04,1959,4,231.3
1959-05,1959,5,243.6
1959-06,1959,6,238.9
1959-07,1959,7,211.9
1959-08,1959,8,282.6
1959-09,1959,9,205.6
1959-10,1959,10,157.7
1959-11,1959,11,175.6
1959-12,1959,12,177.1
1960-01,1960,1,207.2
1960-02,1960,2,149.9
1960-03,1960,3,144.6
1960-04,1960,4,172.7
1960-05,1960,5,169.3
1960-06,1960,6,156.0
1960-07,1960,7,172.4
1960-08,1960,8,190.0
1960-09,1960,9,180.1
1960-10,1960,10,117.3
1960-11,1960,11,126.9
1960-12,1960,12,121.2
1961-01,1961,1,82.1
1961-02,1961,2,65.4
1961-03,1961,3,75.2
1961-04,1961,4,86.9
1961-05,1961,5,72.3
1961-06,1961,6,109.5
1961-07,1961,7,99.3
1961-08,1961,8,79.2
1961-09,1961,9,90.1
1961-10,1961,10,53.7
1961-11,1961,11,46.5
1961-12,1961,12,56.9
1962-01,1962,1,55.1
1962-02,1962,2,71.7
1962-03,1962,3,64.9
1962-04,1962,4,65.9
1962-05,1962,5,61.9
1962-06,1962,6,59.6
1962-07,1962,7,31.4
1962-08,1962,8,31.5
1962-09,1962,9,72.7
1962-10,1962,10,56.1
1962-11,1962,11,38.8
1962-12,1962,12,33.2
1963-01,1963,1,28.7
1963-02,1963,2,35.2
1963-03,1963,3,24.8
1963-04,1963,4,41.7
1963-05,1963,5,61.1
1963-06,1963,6,51.2
1963-07,1963,7,28.7
1963-08,1963,8,47.5
1963-09,1963,9,55.2
1963-10,1963,10,50.1
1963-11,1963,11,33.7
1963-12,1963,12,21.6
1964-01,1964,1,22.6
1964-02,1964,2,25.3
1964-03,1964,3,24.1
1964-04,1964,4,12.9
1964-05,1964,5,14.3
1964-06,1964,6,13.5
1964-07,1964,7,4.8
1964-08,1964,8,13.8
1964-09,1964,9,7.0
1964-10,1964,10,9.2
1964-11,1964,11,11.1
1964-12,1964,12,22.1
1965-01,1965,1,25.4
1965-02,1965,2,20.8
1965-03,1965,3,17.5
1965-04,1965,4,10.2
1965-05,1965,5,34.5
1965-06,1965,6,23.3
1965-07,1965,7,17.3
1965-08,1965,8,13.3
1965-09,1965,9,24.5
1965-10,1965,10,29.1
1965-11,1965,11,22.8
1965-12,1965,12,24.7
1966-01,1966,1,40.3
1966-02,1966,2,35.3
1966-03,1966,3,36.4
1966-04,1966,4,69.0
1966-05,1966,5,64.2
1966-06,1966,6,67.7
1966-07,1966,7,80.2
1966-08,1966,8,72.6
1966-09,1966,9,71.1
1966-10,1966,10,81.2
1966-11,1966,11,81.0
1966-12,1966,12,99.8
1967-01,1967,1,157.0
1967-02,1967,2,132.6
1967-03,1967,3,158.3
1967-04,1967,4,98.4
1967-05,1967,5,122.5
1967-06,1967,6,95.4
1967-07,1967,7,129.5
1967-08,1967,8,151.8
1967-09,1967,9,108.7
1967-10,1967,10,125.0
1967-11,1967,11,133.6
1967-12,1967,12,179.0
1968-01,1968,1,172.5
1968-02,1968,2,158.5
1968-03,1968,3,130.5
1968-04,1968,4,115.0
1968-05,1968,5,180.0
1968-06,1968,6,156.2
1968-07,1968,7,136.2
1968-08,1968,8,154.8
1968-09,1968,9,166.0
1968-10,1968,10,152.5
1968-11,1968,11,121.7
1968-12,1968,12,155.5
1969-01,1969,1,147.8
1969-02,1969,2,170.5
1969-03,1969,3,192.3
1969-04,1969,4,151.1
1969-05,1969,5,169.9
1969-06,1969,6,150.1
1969-07,1969,7,137.1
1969-08,1969,8,138.8
1969-09,1969,9,129.3
1969-10,1969,10,135.4
1969-11,1969,11,132.4
1969-12,1969,12,138.6
1970-01,1970,1,157.9
1970-02,1970,2,180.8
1970-03,1970,3,145.7
1970-04,1970,4,155.1
1970-05,1970,5,180.5
1970-06,1970,6,151.3
1970-07,1970,7,159.3
1970-08,1970,8,131.7
1970-09,1970,9,140.8
1970-10,1970,10,122.6
1970-11,1970,11,134.8
1970-12,1970,12,118.2
1971-01,1971,1,129.2
1971-02,1971,2,111.8
1971-03,1971,3,85.9
1971-04,1971,4,101.6
1971-05,1971,5,81.5
1971-06,1971,6,70.7
1971-07,1971,7,114.7
1971-08,1971,8,87.0
1971-09,1971,9,71.3
1971-10,1971,10,73.4
1971-11,1971,11,89.5
1971-12,1971,12,116.5
1972-01,1972,1,87.0
1972-02,1972,2,125.3
1972-03,1972,3,113.5
1972-04,1972,4,89.6
1972-05,1972,5,113.9
1972-06,1972,6,124.7
1972-07,1972,7,108.3
1972-08,1972,8,108.9
1972-09,1972,9,90.7
1972-10,1972,10,86.9
1972-11,1972,11,59.2
1972-12,1972,12,64.3
1973-01,1973,1,61.8
1973-02,1973,2,60.9
1973-03,1973,3,65.4
1973-04,1973,4,81.8
1973-05,1973,5,60.3
1973-06,1973,6,56.1
1973-07,1973,7,33.2
1973-08,1973,8,36.6
1973-09,1973,9,84.1
1973-10,1973,10,43.7
1973-11,1973,11,34.3
1973-12,1973,12,33.3
1974-01,1974,1,39.4
1974-02,1974,2,37.3
1974-03,1974,3,30.9
1974-04,1974,4,57.5
1974-05,1974,5,56.3
1974-06,1974,6,51.5
1974-07,1974,7,79.1
1974-08,1974,8,47.9
1974-09,1974,9,57.2
1974-10,1974,10,67.2
1974-11,1974,11,35.9
1974-12,1974,12,29.6
1975-01,1975,1,27.3
1975-02,1975,2,16.7
1975-03,1975,3,16.9
1975-04,1975,4,7.7
1975-05,1975,5,13.1
1975-06,1975,6,16.7
1975-07,1975,7,40.4
1975-08,1975,8,56.7
1975-09,1975,9,20.3
1975-10,1975,10,13.6
1975-11,1975,11,27.9
1975-12,1975,12,11.6
1976-01,1976,1,11.9
1976-02,1976,2,6.4
1976-03,1976,3,31.5
1976-04,1976,4,27.3
1976-05,1976,5,18.2
1976-06,1976,6,17.9
1976-07,1976,7,2.9
1976-08,1976,8,24.1
1976-09,1976,9,20.0
1976-10,1976,10,29.7
1976-11,1976,11,7.9
1976-12,1976,12,22.3
1977-01,1977,1,23.8
1977-02,1977,2,33.3
1977-03,1977,3,13.0
1977-04,1977,4,19.0
1977-05,1977,5,27.0
1977-06,1977,6,54.9
1977-07,1977,7,30.6
1977-08,1977,8,43.0
1977-09,1977,9,62.4
1977-10,1977,10,62.1
1977-11,1977,11,41.6
1977-12,1977,12,61.4
1978-01,1978,1,73.7
1978-02,1978,2,132.6
1978-03,1978,3,108.4
1978-04,1978,4,141.2
1978-05,1978,5,117.1
1978-06,1978,6,134.6
1978-07,1978,7,99.7
1978-08,1978,8,82.4
1978-09,1978,9,195.7
1978-10,1978,10,177.1
1978-11,1978,11,138.5
1978-12,1978,12,173.9
1979-01,1979,1,235.9
1979-02,1979,2,194.7
1979-03,1979,3,195.3
1979-04,1979,4,143.7
1979-05,1979,5,190.3
1979-06,1979,6,211.7
1979-07,1979,7,225.7
1979-08,1979,8,201.4
1979-09,1979,9,266.9
1979-10,1979,10,263.6
1979-11,1979,11,259.5
1979-12,1979,12,249.6
1980-01,1980,1,226.1
1980-02,1980,2,219.4
1980-03,1980,3,178.7
1980-04,1980,4,232.2
1980-05,1980,5,254.7
1980-06,1980,6,222.7
1980-07,1980,7,192.9
1980-08,1980,8,191.7
1980-09,1980,9,219.6
1980-10,1980,10,233.3
1980-11,1980,11,209.5
1980-12,1980,12,246.9
1981-01,1981,1,156.6
1981-02,1981,2,189.9
1981-03,1981,3,196.6
1981-04,1981,4,225.3
1981-05,1981,5,194.7
1981-06,1981,6,131.6
1981-07,1981,7,205.3
1981-08,1981,8,242.5
1981-09,1981,9,245.3
1981-10,1981,10,216.2
1981-11,1981,11,186.0
1981-12,1981,12,195.4
1982-01,1982,1,149.8
1982-02,1982,2,230.9
1982-03,1982,3,221.1
1982-04,1982,4,170.3
1982-05,1982,5,119.3
1982-06,1982,6,163.7
1982-07,1982,7,139.4
1982-08,1982,8,161.9
1982-09,1982,9,167.4
1982-10,1982,10,134.3
1982-11,1982,11,127.5
1982-12,1982,12,169.0
1983-01,1983,1,115.5
1983-02,1983,2,73.1
1983-03,1983,3,88.7
1983-04,1983,4,109.6
1983-05,1983,5,132.5
1983-06,1983,6,131.5
1983-07,1983,7,108.9
1983-08,1983,8,96.0
1983-09,1983,9,69.9
1983-10,1983,10,72.5
1983-11,1983,11,45.7
1983-12,1983,12,45.6
1984-01,1984,1,74.8
1984-02,1984,2,110.2
1984-03,1984,3,116.7
1984-04,1984,4,90.4
1984-05,1984,5,96.9
1984-06,1984,6,65.1
1984-07,1984,7,55.7
1984-08,1984,8,35.0
1984-09,1984,9,22.6
1984-10,1984,10,12.6
1984-11,1984,11,26.5
1984-12,1984,12,21.4
1985-01,1985,1,17.8
1985-02,1985,2,20.7
1985-03,1985,3,16.9
1985-04,1985,4,20.4
1985-05,1985,5,32.4
1985-06,1985,6,28.3
1985-07,1985,7,39.9
1985-08,1985,8,10.1
1985-09,1985,9,4.3
1985-10,1985,10,22.0
1985-11,1985,11,17.9
1985-12,1985,12,15.8
1986-01,1986,1,2.8
1986-02,1986,2,27.9
1986-03,1986,3,13.8
1986-04,1986,4,22.4
1986-05,1986,5,16.1
1986-06,1986,6,0.6
1986-07,1986,7,18.1
1986-08,1986,8,9.9
1986-09,1986,9,5.1
1986-10,1986,10,40.1
1986-11,1986,11,15.4
1986-12,1986,12,5.8
1987-01,1987,1,9.8
1987-02,1987,2,3.4
1987-03,1987,3,17.4
1987-04,1987,4,46.0
1987-05,1987,5,39.1
1987-06,1987,6,18.8
1987-07,1987,7,38.2
1987-08,1987,8,47.9
1987-09,1987,9,42.2
1987-10,1987,10,63.4
1987-11,1987,11,48.8
1987-12,1987,12,29.1
1988-01,1988,1,70.5
1988-02,1988,2,45.4
1988-03,1988,3,91.2
1988-04,1988,4,108.8
1988-05,1988,5,74.2
1988-06,1988,6,124.3
1988-07,1988,7,131.4
1988-08,1988,8,139.4
1988-09,1988,9,142.7
1988-10,1988,10,156.5
1988-11,1988,11,156.8
1988-12,1988,12,231.2
1989-01,1989,1,210.1
1989-02,1989,2,208.7
1989-03,1989,3,170.4
1989-04,1989,4,166.3
1989-05,1989,5,195.4
1989-06,1989,6,284.5
1989-07,1989,7,180.5
1989-08,1989,8,232.0
1989-09,1989,9,225.1
1989-10,1989,10,212.2
1989-11,1989,11,238.2
1989-12,1989,12,211.4
1990-01,1990,1,227.4
1990-02,1990,2,171.8
1990-03,1990,3,191.7
1990-04,1990,4,189.7
1990-05,1990,5,175.2
1990-06,1990,6,153.3
1990-07,1990,7,191.1
1990-08,1990,8,252.1
1990-09,1990,9,169.1
1990-10,1990,10,199.4
1990-11,1990,11,178.8
1990-12,1990,12,197.1
1991-01,1991,1,195.3
1991-02,1991,2,240.3
1991-03,1991,3,197.0
1991-04,1991,4,197.6
1991-05,1991,5,166.9
1991-06,1991,6,224.7
1991-07,1991,7,240.2
1991-08,1991,8,240.8
1991-09,1991,9,168.9
1991-10,1991,10,197.1
1991-11,1991,11,159.5
1991-12,1991,12,212.6
1992-01,1992,1,198.3
1992-02,1992,2,230.7
1992-03,1992,3,151.0
1992-04,1992,4,142.2
1992-05,1992,5,94.3
1992-06,1992,6,98.5
1992-07,1992,7,114.2
1992-08,1992,8,91.9
1992-09,1992,9,94.0
1992-10,1992,10,133.4
1992-11,1992,11,129.6
1992-12,1992,12,122.0
1993-01,1993,1,81.4
1993-02,1993,2,127.8
1993-03,1993,3,102.4
1993-04,1993,4,94.4
1993-05,1993,5,78.8
1993-06,1993,6,69.6
1993-07,1993,7,80.4
1993-08,1993,8,62.5
1993-09,1993,9,31.2
1993-10,1993,10,71.1
1993-11,1993,11,48.2
1993-12,1993,12,68.4
1994-01,1994,1,84.9
1994-02,1994,2,54.9
1994-03,1994,3,47.5
1994-04,1994,4,27.4
1994-05,1994,5,29.8
1994-06,1994,6,39.7
1994-07,1994,7,50.6
1994-08,1994,8,34.3
1994-09,1994,9,40.5
1994-10,1994,10,67.1
1994-11,1994,11,29.5
1994-12,1994,12,32.2
1995-01,1995,1,32.6
1995-02,1995,2,45.8
1995-03,1995,3,46.3
1995-04,1995,4,21.6
1995-05,1995,5,19.4
1995-06,1995,6,22.5
1995-07,1995,7,20.4
1995-08,1995,8,18.2
1995-09,1995,9,15.7
1995-10,1995,10,30.6
1995-11,1995,11,14.0
1995-12,1995,12,14.9
1996-01,1996,1,13.3
1996-02,1996,2,7.7
1996-03,1996,3,12.6
1996-04,1996,4,6.8
1996-05,1996,5,7.6
1996-06,1996,6,16.5
1996-07,1996,7,11.8
1996-08,1996,8,19.7
1996-09,1996,9,3.0
1996-10,1996,10,0.7
1996-11,1996,11,24.9
1996-12,1996,12,14.0
1997-01,1997,1,7.4
1997-02,1997,2,11.0
1997-03,1997,3,12.1
1997-04,1997,4,23.0
1997-05,1997,5,25.4
1997-06,1997,6,20.8
1997-07,1997,7,12.9
1997-08,1997,8,35.7
1997-09,1997,9,59.7
1997-10,1997,10,32.8
1997-11,1997,11,50.4
1997-12,1997,12,55.5
1998-01,1998,1,44.5
1998-02,1998,2,50.2
1998-03,1998,3,82.0
1998-04,1998,4,70.6
1998-05,1998,5,74.0
1998-06,1998,6,90.5
1998-07,1998,7,96.7
1998-08,1998,8,121.1
1998-09,1998,9,132.0
1998-10,1998,10,78.5
1998-11,1998,11,97.3
1998-12,1998,12,119.2
1999-01,1999,1,86.0
1999-02,1999,2,98.0
1999-03,1999,3,103.5
1999-04,1999,4,93.6
1999-05,1999,5,149.6
1999-06,1999,6,207.2
1999-07,1999,7,173.5
1999-08,1999,8,142.3
1999-09,1999,9,106.3
1999-10,1999,10,168.7
1999-11,1999,11,188.3
1999-12,1999,12,116.8
2000-01,2000,1,133.1
2000-02,2000,2,165.7
2000-03,2000,3,217.7
2000-04,2000,4,191.5
2000-05,2000,5,165.9
2000-06,2000,6,188.0
2000-07,2000,7,244.3
2000-08,2000,8,180.5
2000-09,2000,9,156.0
2000-10,2000,10,141.6
2000-11,2000,11,158.1
2000-12,2000,12,143.3
2001-01,2001,1,142.6
2001-02,2001,2,121.5
2001-03,2001,3,165.8
2001-04,2001,4,161.7
2001-05,2001,5,142.1
2001-06,2001,6,202.9
2001-07,2001,7,123.0
2001-08,2001,8,161.5
2001-09,2001,9,238.2
2001-10,2001,10,194.1
2001-11,2001,11,176.6
2001-12,2001,12,213.4
2002-01,2002,1,184.6
2002-02,2002,2,170.2
2002-03,2002,3,147.1
2002-04,2002,4,186.9
2002-05,2002,5,187.5
2002-06,2002,6,128.8
2002-07,2002,7,161.0
2002-08,2002,8,175.6
2002-09,2002,9,187.9
2002-10,2002,10,151.2
2002-11,2002,11,147.2
2002-12,2002,12,135.3
2003-01,2003,1,133.5
2003-02,2003,2,75.7
2003-03,2003,3,100.7
2003-04,2003,4,97.9
2003-05,2003,5,86.8
2003-06,2003,6,118.7
2003-07,2003,7,128.3
2003-08,2003,8,115.4
2003-09,2003,9,78.5
2003-10,2003,10,97.8
2003-11,2003,11,82.9
2003-12,2003,12,72.2
2004-01,2004,1,60.6
2004-02,2004,2,74.6
2004-03,2004,3,74.8
2004-04,2004,4,59.2
2004-05,2004,5,72.8
2004-06,2004,6,66.5
2004-07,2004,7,83.8
2004-08,2004,8,69.7
2004-09,2004,9,48.8
2004-10,2004,10,74.2
2004-11,2004,11,70.1
2004-12,2004,12,28.9
2005-01,2005,1,48.1
2005-02,2005,2,43.5
2005-03,2005,3,39.6
2005-04,2005,4,38.7
2005-05,2005,5,61.9
2005-06,2005,6,56.8
2005-07,2005,7,62.4
2005-08,2005,8,60.5
2005-09,2005,9,37.2
2005-10,2005,10,13.2
2005-11,2005,11,27.5
2005-12,2005,12,59.3
2006-01,2006,1,20.9
2006-02,2006,2,5.7
2006-03,2006,3,17.3
2006-04,2006,4,50.3
2006-05,2006,5,37.2
2006-06,2006,6,24.5
2006-07,2006,7,22.2
2006-08,2006,8,20.8
2006-09,2006,9,23.7
2006-10,2006,10,14.9
2006-11,2006,11,35.7
2006-12,2006,12,22.3
2007-01,2007,1,29.3
2007-02,2007,2,18.4
2007-03,2007,3,7.2
2007-04,2007,4,5.4
2007-05,2007,5,19.5
2007-06,2007,6,21.3
2007-07,2007,7,15.1
2007-08,2007,8,9.8
2007-09,2007,9,4.0
2007-10,2007,10,1.5
2007-11,2007,11,2.8
2007-12,2007,12,17.3
2008-01,2008,1,4.1
2008-02,2008,2,2.9
2008-03,2008,3,15.5
2008-04,2008,4,3.6
2008-05,2008,5,4.6
2008-06,2008,6,5.2
2008-07,2008,7,0.6
2008-08,2008,8,0.3
2008-09,2008,9,1.2
2008-10,2008,10,4.2
2008-11,2008,11,6.6
2008-12,2008,12,1.0
2009-01,2009,1,1.3
2009-02,2009,2,1.2
2009-03,2009,3,0.6
2009-04,2009,4,1.2
2009-05,2009,5,2.9
2009-06,2009,6,6.3
2009-07,2009,7,5.5
2009-08,2009,8,0.0
2009-09,2009,9,7.1
2009-10,2009,10,7.7
2009-11,2009,11,6.9
2009-12,2009,12,16.3
2010-01,2010,1,19.5
2010-02,2010,2,28.5
2010-03,2010,3,24.0
2010-04,2010,4,10.4
2010-05,2010,5,13.9
2010-06,2010,6,18.8
2010-07,2010,7,25.2
2010-08,2010,8,29.6
2010-09,2010,9,36.4
2010-10,2010,10,33.6
2010-11,2010,11,34.4
2010-12,2010,12,24.5
2011-01,2011,1,27.3
2011-02,2011,2,48.3
2011-03,2011,3,78.6
2011-04,2011,4,76.1
2011-05,2011,5,58.2
2011-06,2011,6,56.1
2011-07,2011,7,64.5
2011-08,2011,8,65.8
2011-09,2011,9,120.1
2011-10,2011,10,125.7
2011-11,2011,11,139.1
2011-12,2011,12,109.3
2012-01,2012,1,94.4
2012-02,2012,2,47.8
2012-03,2012,3,86.6
2012-04,2012,4,85.9
2012-05,2012,5,96.5
2012-06,2012,6,92.0
2012-07,2012,7,100.1
2012-08,2012,8,94.8
2012-09,2012,9,93.7
2012-10,2012,10,76.5
2012-11,2012,11,87.6
2012-12,2012,12,56.8
2013-01,2013,1,96.1
2013-02,2013,2,60.9
2013-03,2013,3,78.3
2013-04,2013,4,107.3
2013-05,2013,5,120.2
2013-06,2013,6,76.7
2013-07,2013,7,86.2
2013-08,2013,8,91.8
2013-09,2013,9,54.5
2013-10,2013,10,114.4
2013-11,2013,11,113.9
2013-12,2013,12,124.2
2014-01,2014,1,117.0
2014-02,2014,2,146.1
2014-03,2014,3,128.7
2014-04,2014,4,112.5
2014-05,2014,5,112.5
2014-06,2014,6,102.9
2014-07,2014,7,100.2
2014-08,2014,8,106.9
2014-09,2014,9,130.0
2014-10,2014,10,90.0
2014-11,2014,11,103.6
2014-12,2014,12,112.9
2015-01,2015,1,93.0
2015-02,2015,2,66.7
2015-03,2015,3,54.5
2015-04,2015,4,75.3
2015-05,2015,5,88.8
2015-06,2015,6,66.5
2015-07,2015,7,65.8
2015-08,2015,8,64.4
2015-09,2015,9,78.6
2015-10,2015,10,63.6
2015-11,2015,11,62.2
2015-12,2015,12,58.0
2016-01,2016,1,57.0
2016-02,2016,2,56.4
2016-03,2016,3,54.1
2016-04,2016,4,37.9
2016-05,2016,5,51.5
2016-06,2016,6,20.5
2016-07,2016,7,32.4
2016-08,2016,8,50.2
2016-09,2016,9,44.6
2016-10,2016,10,33.4
2016-11,2016,11,21.4
2016-12,2016,12,18.5
2017-01,2017,1,26.1
2017-02,2017,2,26.4
2017-03,2017,3,17.7
2017-04,2017,4,32.3
2017-05,2017,5,18.9
2017-06,2017,6,19.2
2017-07,2017,7,17.8
2017-08,2017,8,32.6
2017-09,2017,9,43.7
2017-10,2017,10,13.2
2017-11,2017,11,5.7
2017-12,2017,12,8.2
2018-01,2018,1,6.8
2018-02,2018,2,10.7
2018-03,2018,3,2.5
2018-04,2018,4,8.9
2018-05,2018,5,13.1
2018-06,2018,6,15.6
2018-07,2018,7,1.6
2018-08,2018,8,8.7
2018-09,2018,9,3.3
2018-10,2018,10,4.9
2018-11,2018,11,4.9
2018-12,2018,12,3.1
2019-01,2019,1,7.7
2019-02,2019,2,0.8
2019-03,2019,3,9.4
2019-04,2019,4,9.1
2019-05,2019,5,9.9
2019-06,2019,6,1.2
2019-07,2019,7,0.9
2019-08,2019,8,0.5
2019-09,2019,9,1.1
2019-10,2019,10,0.4
2019-11,2019,11,0.5
2019-12,2019,12,1.5
2020-01,2020,1,6.2
2020-02,2020,2,0.2
2020-03,2020,3,1.5
2020-04,2020,4,5.2
2020-05,2020,5,0.2
2020-06,2020,6,5.8
2020-07,2020,7,6.1
2020-08,2020,8,7.5
2020-09,2020,9,0.6
2020-10,2020,10,14.6
2020-11,2020,11,34.5
2020-12,2020,12,23.1
2021-01,2021,1,10.4
2021-02,2021,2,8.2
2021-03,2021,3,17.2
2021-04,2021,4,24.5
2021-05,2021,5,21.2
2021-06,2021,6,25.0
2021-07,2021,7,34.3
2021-08,2021,8,22.0
2021-09,2021,9,51.3
2021-10,2021,10,37.4
2021-11,2021,11,34.8
2021-12,2021,12,67.5
2022-01,2022,1,55.3
2022-02,2022,2,60.9
2022-03,2022,3,78.6
2022-04,2022,4,84.0
2022-05,2022,5,96.5
2022-06,2022,6,70.3
2022-07,2022,7,91.4
2022-08,2022,8,74.6
2022-09,2022,9,96.0
2022-10,2022,10,95.5
2022-11,2022,11,80.5
2022-12,2022,12,112.8
2023-01,2023,1,144.4
2023-02,2023,2,111.3
2023-03,2023,3,123.3
2023-04,2023,4,97.6
2023-05,2023,5,137.4
2023-06,2023,6,160.5
2023-07,2023,7,160.0
2023-08,2023,8,114.8
2023-09,2023,9,134.2
2023-10,2023,10,99.9
2023-11,2023,11,107.1
2023-12,2023,12,113.5
2024-01,2024,1,126.0
2024-02,2024,2,123.0
2024-03,2024,3,103.7
2024-04,2024,4,137.0
2024-05,2024,5,172.1
2024-06,2024,6,164.1
2024-07,2024,7,196.8
2024-08,2024,8,216.0
2024-09,2024,9,141.1
2024-10,2024,10,165.8
2024-11,2024,11,154.1
2024-12,2024,12,154.6
2025-01,2025,1,137.0
2025-02,2025,2,155.7
2025-03,2025,3,134.2
2025-04,2025,4,141.4
2025-05,2025,5,78.5
2025-06,2025,6,114.6
2025-07,2025,7,125.9
2025-08,2025,8,133.7
2025-09,2025,9,129.7
2025-10,2025,10,114.6
2025-11,2025,11,91.8
2025-12,2025,12,124.0
2026-01,2026,1,112.5
2026-02,2026,2,78.2
