country,year,co2,co2_growth_prct,co2_per_capita,methane,nitrous_oxide,land_use_change_co2,cement_co2,coal_co2,oil_co2,gas_co2,total_ghg,energy_per_capita,population,gdp
World,1750,9.306,,0.012,,,,,9.306,,,,,753279296.0,
World,1751,9.407,1.088,,,,,,9.407,,,,,,
World,1752,9.505,1.041,,,,,,9.505,,,,,,
World,1753,9.61,1.108,,,,,,9.61,,,,,,
World,1754,9.734,1.281,,,,,,9.734,,,,,,
World,1755,9.793,0.615,,,,,,9.793,,,,,,
World,1756,9.91,1.189,,,,,,9.91,,,,,,
World,1757,10.094,1.857,,,,,,10.094,,,,,,
World,1758,10.216,1.213,,,,,,10.216,,,,,,
World,1759,10.339,1.199,,,,,,10.339,,,,,,
World,1760,10.514,1.697,0.013,,,,,10.514,,,,,788254976.0,
World,1761,10.748,2.221,,,,,,10.748,,,,,,
World,1762,10.952,1.901,,,,,,10.952,,,,,,
World,1763,11.192,2.186,,,,,,11.192,,,,,,
World,1764,11.397,1.835,,,,,,11.397,,,,,,
World,1765,11.643,2.163,,,,,,11.643,,,,,,
World,1766,11.876,1.998,,,,,,11.876,,,,,,
World,1767,12.153,2.328,,,,,,12.153,,,,,,
World,1768,12.467,2.587,,,,,,12.467,,,,,,
World,1769,12.78,2.512,,,,,,12.78,,,,,,
World,1770,13.097,2.482,0.016,,,,,13.097,,,,,827951488.0,
World,1771,13.369,2.079,,,,,,13.369,,,,,,
World,1772,13.624,1.9,,,,,,13.624,,,,,,
World,1773,13.808,1.355,,,,,,13.808,,,,,,
World,1774,14.012,1.479,,,,,,14.012,,,,,,
World,1775,14.339,2.33,,,,,,14.339,,,,,,
World,1776,14.654,2.198,,,,,,14.654,,,,,,
World,1777,14.96,2.084,,,,,,14.96,,,,,,
World,1778,15.243,1.898,,,,,,15.243,,,,,,
World,1779,15.535,1.914,,,,,,15.535,,,,,,
World,1780,15.879,2.211,0.018,,,,,15.879,,,,,900945152.0,
World,1781,16.234,2.24,,,,,,16.234,,,,,,
World,1782,16.581,2.135,,,,,,16.581,,,,,,
World,1783,17.063,2.906,,,,,,17.063,,,,,,
World,1784,17.471,2.393,,,,,,17.471,,,,,,
World,1785,17.965,2.828,,,,,,17.965,,,,,,
World,1786,18.447,2.685,,,,,,18.447,,,,,,
World,1787,18.859,2.231,,,,,,18.859,,,,,,
World,1788,19.286,2.265,,,,,,19.286,,,,,,
World,1789,19.863,2.993,,,,,,19.863,,,,,,
World,1790,20.398,2.692,0.022,,,,,20.398,,,,,942261696.0,
World,1791,20.932,2.616,,,,,,20.932,,,,,,
World,1792,21.929,4.765,,,,,,21.929,,,,,,
World,1793,22.297,1.678,,,,,,22.297,,,,,,
World,1794,22.52,0.997,,,,,,22.52,,,,,,
World,1795,22.315,-0.908,,,,,,22.315,,,,,,
World,1796,22.121,-0.869,,,,,,22.121,,,,,,
World,1797,22.09,-0.141,,,,,,22.09,,,,,,
World,1798,23.106,4.599,,,,,,23.106,,,,,,
World,1799,27.485,18.953,,,,,,27.485,,,,,,
World,1800,32.798,19.331,0.033,,,,,32.798,,,,,983104755.0,
World,1801,31.986,-2.477,0.032,,,,,31.986,,,,,986464967.0,
World,1802,40.31,26.025,0.041,,,,,40.31,,,,,989864750.0,
World,1803,29.539,-26.723,0.03,,,,,29.539,,,,,993304404.0,
World,1804,31.769,7.552,0.032,,,,,31.769,,,,,996784263.0,
World,1805,31.252,-1.628,0.031,,,,,31.252,,,,,1000304675.0,
World,1806,32.705,4.649,0.033,,,,,32.705,,,,,1003866016.0,
World,1807,36.201,10.69,0.036,,,,,36.201,,,,,1007468698.0,
World,1808,35.498,-1.942,0.035,,,,,35.498,,,,,1011113144.0,
World,1809,36.334,2.355,0.036,,,,,36.334,,,,,1014799822.0,
World,1810,39.492,8.693,0.039,,,,,39.492,,,,,1020150076.0,
World,1811,40.177,1.733,0.039,,,,,40.177,,,,,1025557675.0,
World,1812,40.815,1.588,0.04,,,,,40.815,,,,,1031616616.0,
World,1813,41.206,0.96,0.04,,,,,41.206,,,,,1038342722.0,
World,1814,42.227,2.477,0.04,,,,,42.227,,,,,1045238421.0,
World,1815,43.587,3.222,0.041,,,,,43.587,,,,,1052307852.0,
World,1816,45.497,4.38,0.043,,,,,45.497,,,,,1059555372.0,
World,1817,49.276,8.307,0.046,,,,,49.276,,,,,1066985519.0,
World,1818,51.392,4.294,0.048,,,,,51.392,,,,,1074603043.0,
World,1819,50.93,-0.899,0.047,,,,,50.93,,,,,1082114553.0,
World,1820,50.733,-0.387,0.047,,,,,50.733,,,,,1089507052.0,1175113811058.0
World,1821,52.059,2.614,0.047,,,,,52.059,,,,,1096534977.0,
World,1822,54.022,3.769,0.049,,,,,54.022,,,,,1103392066.0,
World,1823,56.358,4.324,0.051,,,,,56.358,,,,,1110594705.0,
World,1824,57.584,2.175,0.052,,,,,57.584,,,,,1117897019.0,
World,1825,60.731,5.465,0.054,,,,,60.731,,,,,1125304048.0,
World,1826,61.382,1.072,0.054,,,,,61.382,,,,,1132861806.0,
World,1827,65.739,7.097,0.058,,,,,65.739,,,,,1140524282.0,
World,1828,66.682,1.435,0.058,,,,,66.682,,,,,1148292956.0,
World,1829,66.307,-0.561,0.057,,,,,66.307,,,,,1155618460.0,
World,1830,88.988,34.206,0.077,,,,,88.988,,,,,1162497339.0,
World,1831,83.251,-6.448,0.071,,,,,83.251,,,,,1168886301.0,
World,1832,82.092,-1.392,0.07,,,,,82.092,,,,,1174792985.0,
World,1833,83.249,1.41,0.071,,,,,83.249,,,,,1180213555.0,
World,1834,88.763,6.624,0.075,,,,,88.763,,,,,1185694036.0,
World,1835,97.4,9.73,0.082,,,,,97.4,,,,,1191237685.0,
World,1836,106.894,9.748,0.089,,,,,106.894,,,,,1196838401.0,
World,1837,106.199,-0.65,0.088,,,,,106.199,,,,,1202503348.0,
World,1838,105.845,-0.333,0.088,,,,,105.845,,,,,1208233715.0,
World,1839,109.653,3.597,0.09,,,,,109.653,,,,,1213934891.0,
World,1840,118.809,8.35,0.097,,,,,118.809,,,,,1219617217.0,
World,1841,122.166,2.826,0.1,,,,,122.166,,,,,1225283810.0,
World,1842,129.389,5.913,0.105,,,,,129.389,,,,,1230929323.0,
World,1843,132.369,2.304,0.107,,,,,132.369,,,,,1236555463.0,
World,1844,141.966,7.25,0.114,,,,,141.966,,,,,1242258939.0,
World,1845,155.073,9.232,0.124,,,,,155.073,,,,,1248042343.0,
World,1846,157.702,1.695,0.126,,,,,157.702,,,,,1253907423.0,
World,1847,170.797,8.304,0.136,,,,,170.797,,,,,1259855932.0,
World,1848,173.643,1.667,0.137,,,,,173.643,,,,,1265889730.0,
World,1849,185.048,6.568,0.146,,,,,185.048,,,,,1271136843.0,
World,1850,196.848,6.376,0.154,1239.419,143.746,2714.022,,196.848,,,4293.311,,1275602897.0,1546684371847.0
World,1851,198.779,0.981,0.155,1244.062,146.325,2820.767,,198.779,,,4409.168,,1278768180.0,
World,1852,207.595,4.435,0.162,1250.699,148.849,2917.35,,207.595,,,4523.711,,1281158448.0,
World,1853,217.237,4.645,0.169,1258.197,151.281,2935.45,,217.237,,,4561.398,,1282781891.0,
World,1854,255.039,17.401,0.199,1270.693,153.588,2975.559,,255.039,,,4653.988,,1284514999.0,
World,1855,260.26,2.047,0.202,1277.153,155.733,3027.82,,260.223,0.037,,4720.01,,1286359120.0,
World,1856,278.246,6.911,0.216,1285.795,157.684,3043.868,,278.205,0.04,,4764.561,,1288315736.0,
World,1857,281.181,1.055,0.218,1291.702,159.404,3091.683,,281.13,0.051,,4822.786,,1290386388.0,
World,1858,285.548,1.553,0.221,1297.422,160.86,3112.421,,285.486,0.062,,4855.032,,1292572700.0,
World,1859,302.572,5.962,0.234,1306.546,162.016,3155.913,,302.517,0.055,,4925.749,,1295121860.0,
World,1860,332.298,9.825,0.256,1317.403,162.837,2895.977,,332.025,0.273,,4707.105,,1298027373.0,
World,1861,349.19,5.083,0.268,1325.747,163.448,2766.613,,348.249,0.941,,4603.421,,1301279942.0,
World,1862,355.991,1.948,0.273,1332.229,164.005,2692.258,,354.592,1.399,,4542.936,,1304883100.0,
World,1863,379.535,6.614,0.29,1343.454,164.522,2662.824,,378.242,1.293,,4548.649,,1308825538.0,
World,1864,409.525,7.902,0.312,1354.044,165.014,2686.542,,408.416,1.11,,4613.389,,1312850777.0,
World,1865,434.851,6.184,0.33,1363.89,165.493,2608.28,,433.532,1.32,,4570.625,,1316952210.0,
World,1866,449.067,3.269,0.34,1374.183,165.974,2620.969,,447.115,1.952,,4608.313,,1321129252.0,
World,1867,480.814,7.07,0.363,1382.202,166.47,2575.01,,478.829,1.985,,4602.519,,1325389634.0,
World,1868,494.494,2.845,0.372,1389.073,166.995,2563.261,,492.205,2.288,,4611.74,,1329732282.0,
World,1869,524.731,6.115,0.393,1399.244,167.563,2555.97,,522.117,2.614,,4645.359,,1334654211.0,
World,1870,536.123,2.171,0.4,1406.298,168.188,2911.427,,532.99,3.133,,5019.819,,1340168478.0,1963042985387.0
World,1871,569.777,6.277,0.423,1419.828,170.613,2997.042,,566.495,3.282,,5154.968,,1346202715.0,
World,1872,630.961,10.738,0.466,1438.484,176.099,3157.806,,627.264,3.698,,5400.922,,1352896118.0,
World,1873,670.467,6.261,0.493,1453.71,183.938,3209.188,,664.798,5.669,,5514.893,,1360163018.0,
World,1874,628.662,-6.235,0.46,1458.43,193.42,3310.693,,622.42,6.242,,5588.725,,1367501771.0,
World,1875,681.048,8.333,0.495,1474.561,203.836,3332.225,,675.214,5.834,,5689.142,,1374940414.0,
World,1876,690.583,1.4,0.5,1485.312,214.477,3387.515,,684.048,6.534,,5775.295,,1382459121.0,
World,1877,704.033,1.948,0.506,1496.818,224.634,3476.66,,695.211,8.822,,5899.497,,1390028839.0,
World,1878,709.65,0.798,0.508,1506.982,233.598,3531.498,,699.612,10.038,,5979.068,,1397666358.0,
World,1879,759.794,7.066,0.54,1522.503,240.66,3588.607,,747.138,12.657,,6108.896,,1405838237.0,
World,1880,858.228,12.955,0.607,1544.166,245.11,3623.11,0.172,842.695,15.36,,6267.865,,1414583216.0,
World,1881,888.173,3.489,0.624,1561.769,247.807,3603.458,0.208,870.726,17.239,,6298.316,,1423919001.0,
World,1882,938.158,5.628,0.654,1579.738,250.13,3683.676,0.27,918.787,18.936,0.165,6448.854,,1433850986.0,
World,1883,997.862,6.364,0.691,1599.377,252.155,3744.156,0.348,980.636,16.498,0.381,6590.572,,1444371648.0,
World,1884,1009.762,1.192,0.694,1611.351,253.957,3749.298,0.333,989.938,18.319,1.172,6621.438,,1455021634.0,
World,1885,1017.489,0.765,0.694,1623.198,255.61,3755.136,0.345,994.473,18.956,3.715,6648.329,,1465857041.0,
World,1886,1032.987,1.523,0.699,1636.286,257.19,3750.092,0.374,1003.117,21.821,7.676,6673.521,,1476798447.0,
World,1887,1084.283,4.966,0.729,1654.795,258.773,3808.826,0.556,1048.46,23.479,11.787,6803.576,,1487893376.0,
World,1888,1201.342,10.796,0.801,1679.947,260.432,3800.435,0.541,1159.449,24.578,16.774,6938.952,,1499115427.0,
World,1889,1202.098,0.063,0.796,1692.237,262.244,3835.035,0.582,1160.885,28.404,12.227,6988.416,,1510109709.0,
World,1890,1307.255,8.748,0.86,1718.415,272.135,4116.357,0.665,1260.254,34.648,11.688,7410.932,,1520891633.0,
World,1891,1369.598,4.769,0.894,1737.446,275.376,4206.138,0.684,1319.138,40.829,8.947,7585.248,,1531425085.0,
World,1892,1380.536,0.799,0.895,1750.336,278.739,4181.686,0.728,1331.829,40.204,7.775,7588.023,,1541712153.0,
World,1893,1363.18,-1.257,0.878,1757.747,282.182,4218.889,0.665,1312.683,42.544,7.288,7618.795,,1551756342.0,
World,1894,1412.227,3.598,0.904,1777.388,285.662,4303.722,0.695,1363.137,41.697,6.698,7775.792,,1561938512.0,
World,1895,1495.964,5.929,0.951,1800.448,289.137,4290.067,0.726,1439.659,48.536,7.042,7872.411,,1572272041.0,
World,1896,1545.451,3.308,0.976,1817.2,292.564,4305.261,0.791,1485.244,52.568,6.848,7957.284,,1582693744.0,
World,1897,1618.405,4.721,1.016,1838.674,295.9,4375.451,0.914,1554.677,55.527,7.288,8125.195,,1593261169.0,
World,1898,1706.967,5.472,1.064,1861.349,299.103,4391.255,1.007,1640.331,57.169,8.46,8255.487,,1603953574.0,
World,1899,1864.424,9.224,1.154,1892.905,302.13,4427.016,1.29,1792.204,60.026,10.904,8483.32,,1615300901.0,
World,1900,1962.884,5.281,1.206,1919.446,304.938,4460.737,1.395,1882.645,67.303,11.542,8644.852,,1627273655.0,3503708270156.0
World,1901,2025.628,3.197,1.235,1940.271,307.869,4585.447,1.666,1936.356,74.746,12.861,8856.1,,1639887187.0,
World,1902,2076.956,2.534,1.256,1957.994,311.228,4627.754,2.158,1980.299,80.803,13.696,8970.866,,1653151632.0,
World,1903,2264.592,9.034,1.358,1993.062,314.923,4663.1,2.548,2161.955,85.56,14.528,9232.675,,1667064512.0,
World,1904,2290.255,1.133,1.362,2008.754,318.858,4771.908,2.749,2174.434,96.073,15.165,9386.916,,1681154888.0,
World,1905,2440.571,6.563,1.44,2034.716,322.94,4803.895,3.512,2320.898,97.01,17.17,9598.302,,1695427510.0,
World,1906,2548.978,4.442,1.491,2067.422,327.073,4871.508,4.497,2425.449,97.878,19.027,9810.574,,1709887300.0,
World,1907,2904.949,13.965,1.684,2118.715,331.165,4873.889,4.63,2758.979,119.41,19.877,10223.97,,1724558347.0,
World,1908,2790.395,-3.943,1.604,2118.962,335.119,4921.338,4.824,2635.282,128.779,19.676,10160.848,,1739441480.0,
World,1909,2907.112,4.183,1.658,2148.511,338.844,4999.687,6.06,2740.823,134.358,23.523,10389.171,,1753729257.0,
World,1910,3050.273,4.925,1.726,2176.739,342.243,4798.155,7.083,2871.834,144.094,24.915,10362.357,,1767417985.0,
World,1911,3097.207,1.539,1.74,2199.417,346.16,4765.618,7.258,2909.144,152.815,25.718,10403.387,,1780422213.0,
World,1912,3253.929,5.06,1.815,2224.523,351.324,4667.301,7.629,3058.476,157.161,28.315,10492.065,,1792912374.0,
World,1913,3524.846,8.326,1.953,2267.487,357.466,4620.268,8.516,3302.354,181.957,29.598,10765.312,,1804803374.0,
World,1914,3197.75,-9.28,1.76,2242.119,364.317,4626.716,8.111,2971.226,186.003,30.136,10426.166,,1816884694.0,
World,1915,3148.031,-1.555,1.721,2252.633,371.608,4553.338,7.915,2908.266,197.563,31.866,10321.157,,1829102909.0,
World,1916,3400.232,8.011,1.847,2295.854,379.071,4541.345,8.441,3135.505,215.195,38.377,10612.145,,1841395693.0,
World,1917,3556.499,4.596,1.919,2328.266,386.437,4459.234,8.509,3265.622,239.365,40.509,10726.378,,1853777065.0,
World,1918,3506.085,-1.418,1.878,2320.688,393.439,4416.805,6.519,3215.897,245.023,36.519,10633.156,,1866778878.0,
World,1919,3041.113,-13.262,1.617,2289.866,399.806,4385.234,7.399,2720.155,273.411,37.948,10112.27,,1880624916.0,
World,1920,3546.758,16.627,1.871,2355.954,405.271,4776.732,9.07,3132.616,361.039,41.685,11081.009,,1895426673.0,4824948231242.0
World,1921,3114.994,-12.173,1.63,2312.747,410.452,4985.617,8.94,2672.104,397.27,34.992,10820.044,,1910916276.0,
World,1922,3264.717,4.807,1.694,2362.89,416.042,5056.589,10.448,2773.434,438.308,40.107,11096.396,,1927207651.0,
World,1923,3702.996,13.425,1.905,2442.978,421.878,5168.157,12.507,3149.715,485.534,52.526,11732.04,,1944216846.0,
World,1924,3716.143,0.355,1.895,2471.417,427.799,5113.906,13.582,3155.952,484.185,59.709,11725.088,,1961489200.0,
World,1925,3740.633,0.659,1.89,2494.91,433.645,5248.851,14.429,3153.677,505.524,63.923,11913.61,,1979027667.0,
World,1926,3677.407,-1.69,1.842,2503.082,439.253,5266.23,14.74,3084.044,506.47,69.145,11881.277,,1996813608.0,
World,1927,4012.947,9.124,1.992,2576.853,444.462,5271.226,15.448,3364.399,554.148,76.018,12300.549,,2014848732.0,
World,1928,3996.311,-0.415,1.966,2593.703,449.111,5326.674,35.583,3307.581,567.589,82.623,12360.601,,2033160306.0,
World,1929,4288.21,7.304,2.09,2652.586,453.038,5382.453,36.873,3523.884,621.698,102.895,12770.862,,2052125441.0,
World,1930,3958.094,-7.698,1.91,2655.139,456.083,5438.06,35.561,3216.251,599.784,104.225,12501.47,,2071786711.0,
World,1931,3539.319,-10.58,1.692,2641.023,458.565,5524.311,30.894,2833.196,580.507,92.889,12156.92,,2092158599.0,
World,1932,3192.59,-9.796,1.511,2637.263,460.978,5565.335,24.694,2522.37,555.986,88.22,11849.51,,2113215566.0,
World,1933,3362.682,5.328,1.575,2681.514,463.418,5520.903,23.839,2638.807,607.577,90.919,12021.46,,2134919626.0,
World,1934,3656.186,8.728,1.695,2747.974,465.98,5574.434,28.514,2880.47,643.636,101.952,12437.094,,2156892673.0,
World,1935,3835.741,4.911,1.76,2798.582,468.761,5511.523,32.058,2998.369,691.96,111.374,12606.813,,2179140887.0,
World,1936,4207.929,9.703,1.911,2877.57,471.857,5644.844,38.736,3287.721,753.446,125.532,13194.023,,2201762907.0,
World,1937,4496.713,6.863,2.021,2940.399,475.365,5625.938,40.804,3465.992,846.626,140.578,13529.76,,2224730578.0,
World,1938,4229.617,-5.94,1.881,2947.51,479.381,5665.851,38.521,3230.586,822.813,135.497,13313.498,,2248127325.0,
World,1939,4470.132,5.686,1.969,3004.825,484.0,5635.598,35.659,3435.781,854.5,141.331,13585.188,,2270675197.0,
World,1940,4884.662,9.273,2.131,3070.731,489.32,5743.406,31.431,3795.503,900.981,153.52,14177.45,,2291979566.0,7646890024327.0
World,1941,4999.09,2.343,2.162,3122.709,506.843,5891.15,43.293,3885.963,912.337,153.463,14507.957,,2312098978.0,
World,1942,4982.523,-0.331,2.137,3158.67,544.782,5905.305,38.376,3910.556,863.508,166.049,14578.645,,2331135363.0,
World,1943,5075.272,1.861,2.161,3221.97,598.293,5894.301,34.769,3926.686,926.591,182.9,14776.369,,2349014611.0,
World,1944,5162.486,1.718,2.181,3267.549,662.533,5826.065,22.664,3869.107,1068.786,197.601,14904.324,,2366918849.0,
World,1945,4289.312,-16.914,1.799,3229.961,732.66,5863.389,22.986,2999.876,1045.789,216.7,14100.154,,2384671779.0,
World,1946,4608.545,7.443,1.918,3323.815,803.829,5827.616,36.306,3236.01,1108.431,223.837,14547.558,,2402301767.0,
World,1947,5165.204,12.079,2.133,3433.029,871.198,5778.238,43.141,3623.154,1246.469,247.893,15230.034,,2421291820.0,
World,1948,5447.883,5.473,2.231,3481.768,929.925,5724.756,51.635,3740.727,1370.552,280.127,15567.631,,2441897177.0,
World,1949,5204.033,-4.476,2.109,3522.194,975.165,5683.316,58.189,3547.274,1293.929,300.46,15368.438,,2467923023.0,
World,1950,5930.406,13.958,2.379,3607.457,1002.077,6654.031,66.9,3879.955,1551.783,353.156,17047.688,,2493092852.0,8461551701531.0
World,1951,6381.651,7.609,2.516,3723.34,1018.664,7197.342,75.766,4084.146,1720.176,416.186,18150.432,,2536927034.0,
World,1952,6467.7,1.348,2.503,3800.598,1036.231,7251.215,80.746,4030.056,1819.094,447.086,18382.768,,2584086340.0,
World,1953,6651.039,2.835,2.525,3889.637,1054.886,7383.62,89.546,4061.101,1938.059,474.53,18800.711,,2634106241.0,
World,1954,6789.734,2.085,2.528,3988.856,1074.734,7806.836,97.134,4053.676,2054.232,501.356,19481.365,,2685894857.0,
World,1955,7444.103,9.638,2.717,4180.018,1095.884,7994.067,107.436,4386.083,2299.538,547.242,20510.934,,2740213796.0,
World,1956,7926.275,6.477,2.835,4309.005,1118.44,8060.629,116.488,4608.297,2499.033,587.242,21197.357,,2795409991.0,
World,1957,8185.976,3.276,2.87,4435.85,1142.511,8280.151,122.452,4691.583,2612.05,646.687,21805.078,,2852618331.0,
World,1958,8417.517,2.829,2.891,4525.489,1168.204,8212.429,129.694,4761.458,2719.235,705.853,22099.877,,2911249671.0,
World,1959,8855.112,5.199,2.986,4725.665,1195.624,8692.767,145.245,4953.932,2897.693,758.26,23239.465,,2965950350.0,
World,1960,9386.951,6.006,3.113,4861.831,1224.879,7610.568,157.394,5158.323,3119.97,834.618,22832.379,,3015470889.0,13338076573731.0
World,1961,9414.99,0.299,3.072,4904.216,1296.961,7630.158,164.144,4944.186,3309.097,882.126,22968.943,,3064869675.0,
World,1962,9747.241,3.529,3.121,4981.43,1341.992,7138.4,176.364,4928.587,3558.261,967.82,22922.6,,3123374312.0,
World,1963,10266.777,5.33,3.216,5105.29,1386.239,6953.332,185.981,5107.931,3803.658,1046.95,23411.465,,3192807826.0,
World,1964,10824.47,5.432,3.316,5205.581,1436.231,6659.918,206.15,5213.215,4104.341,1152.992,23798.047,,3264487343.0,
World,1965,11310.603,4.491,3.392,5343.486,1493.052,6385.424,216.431,5289.088,4409.442,1230.667,24194.01,13003.41,3334533710.0,
World,1966,11862.625,4.881,3.485,5545.599,1556.812,5917.141,233.008,5349.978,4758.873,1339.98,24516.84,13434.752,3404041131.0,
World,1967,12237.371,3.159,3.523,5608.186,1613.397,6250.528,239.881,5261.868,5074.54,1433.099,25319.172,13649.56,3473412877.0,
World,1968,12905.273,5.458,3.64,5702.289,1665.257,6327.129,255.273,5319.659,5528.198,1559.751,26188.367,14173.228,3545187246.0,
World,1969,13761.798,6.637,3.802,5885.07,1704.999,6940.544,270.599,5518.273,5978.462,1708.72,27861.912,14836.449,3619491581.0,
World,1970,14899.139,8.264,4.033,6036.888,1731.281,6689.67,288.231,5698.858,6799.016,1790.936,28904.395,15475.645,3694683794.0,21941934246399.0
World,1971,15503.862,4.059,4.113,6056.77,1719.66,6139.398,303.058,5700.055,7201.027,1933.588,28942.801,15766.833,3769847867.0,
World,1972,16224.579,4.649,4.22,6183.963,1780.741,6438.088,321.256,5691.283,7764.705,2052.349,30118.918,16308.279,3844917684.0,
World,1973,17077.285,5.256,4.356,6345.583,1838.919,6254.265,340.161,5860.898,8219.69,2202.723,30973.744,16919.395,3920805041.0,
World,1974,16997.912,-0.465,4.253,6363.316,1852.229,6312.999,340.611,5857.693,8099.29,2256.541,31021.443,16689.08,3996416100.0,
World,1975,16988.477,-0.056,4.173,6448.271,1906.747,6123.497,339.876,6018.315,8005.122,2241.266,31003.484,16497.584,4070735279.0,
World,1976,17862.492,5.145,4.31,6544.579,1955.474,6060.281,356.053,6226.34,8475.642,2359.009,31968.012,17070.598,4144246382.0,
World,1977,18358.039,2.774,4.352,6627.559,2001.852,6620.091,372.71,6375.023,8767.405,2411.72,33141.996,17379.928,4217863796.0,
World,1978,19024.742,3.632,4.433,6657.352,2040.121,6563.897,397.889,6510.128,9133.723,2541.737,33813.844,17748.674,4292097499.0,
World,1979,19508.59,2.543,4.466,6825.825,2098.113,5855.829,403.703,6799.882,9224.317,2668.065,33813.141,18014.863,4368539520.0,
World,1980,19409.793,-0.506,4.364,6785.667,2117.527,6001.314,406.156,6984.99,8912.474,2741.514,33850.023,17539.898,4447606240.0,31982615792285.0
World,1981,18879.756,-2.731,4.169,6610.78,2069.155,5836.581,406.189,6942.941,8483.404,2763.373,32964.98,17146.965,4528777306.0,
World,1982,18729.742,-0.795,4.06,6683.251,2127.098,5531.553,404.047,7066.997,8276.258,2701.499,32682.762,16753.32,4612673415.0,
World,1983,18901.775,0.919,4.024,6684.616,2165.249,5839.854,413.275,7269.239,8214.693,2743.12,33217.363,16732.732,4697327573.0,
World,1984,19457.25,2.939,4.069,6767.443,2177.692,6424.799,421.117,7586.115,8238.706,2972.027,34452.648,17174.082,4782175518.0,
World,1985,20144.863,3.534,4.137,6857.225,2176.914,6787.743,425.741,8144.824,8247.613,3089.7,35584.656,17320.572,4868943457.0,
World,1986,20438.045,1.455,4.122,6942.08,2184.726,6943.316,441.784,8261.466,8490.594,3014.606,36097.883,17385.945,4958072839.0,
World,1987,21106.189,3.269,4.18,7003.95,2231.983,6497.945,458.382,8549.229,8579.333,3281.567,36294.992,17688.301,5049746390.0,
World,1988,21918.756,3.85,4.263,7115.852,2229.207,6156.68,481.928,8836.429,8889.34,3435.978,36855.246,18021.527,5141992540.0,
World,1989,22200.213,1.284,4.241,7274.316,2249.944,5980.82,492.073,8827.798,9037.386,3604.958,37119.141,18044.754,5234431736.0,
World,1990,22732.145,2.396,4.267,7320.985,2266.202,5829.07,492.522,8659.787,9196.439,3790.182,37574.773,17991.711,5327803106.0,43033605109062.0
World,1991,23205.592,2.083,4.282,7265.909,2263.283,5720.298,504.694,8574.09,9656.487,3851.52,37889.742,17811.609,5418735886.0,
World,1992,22520.424,-2.953,4.09,7268.79,2271.714,5967.898,525.922,8361.174,9154.655,3901.366,37455.109,17636.227,5505989815.0,
World,1993,22749.873,1.019,4.069,7261.674,2256.92,5733.292,549.567,8470.028,9172.321,4007.804,37427.73,17507.65,5591544802.0,
World,1994,22974.598,0.988,4.048,7336.296,2286.923,6668.908,586.744,8513.747,9196.235,4040.174,38666.152,17467.422,5675551258.0,
World,1995,23516.639,2.359,4.084,7426.246,2342.963,6278.081,620.204,8758.441,9283.901,4196.848,38933.977,17592.896,5758878977.0,
World,1996,24233.477,3.048,4.148,7512.808,2393.537,6541.828,633.559,8976.964,9562.137,4381.599,39997.945,17844.033,5842055730.0,
World,1997,24380.322,0.606,4.115,7485.23,2350.142,8019.617,658.829,8927.3,9702.211,4395.058,41519.98,17767.602,5924787819.0,
World,1998,24295.713,-0.347,4.045,7419.233,2378.566,6792.238,656.596,8689.001,9821.975,4443.504,40128.703,17621.312,6007066691.0,
World,1999,24837.771,2.231,4.079,7436.038,2398.701,6561.857,688.047,8809.093,10064.188,4586.166,40450.992,17673.488,6089006328.0,
World,2000,25511.482,2.712,4.134,7544.741,2390.251,6145.762,718.165,9156.638,10211.624,4727.823,40795.379,17890.75,6171702992.0,59897670914608.0
World,2001,25692.994,0.711,4.108,7523.762,2385.423,5460.704,750.748,9208.429,10283.57,4771.715,40260.363,17824.848,6254936464.0,
World,2002,26265.332,2.228,4.144,7480.677,2402.932,6093.696,779.004,9630.182,10269.353,4913.652,41423.414,17970.854,6337730343.0,
World,2003,27652.691,5.282,4.307,7668.747,2419.463,7321.209,857.435,10466.565,10540.85,5096.196,44206.871,18355.602,6420361633.0,
World,2004,28610.023,3.462,4.399,7809.036,2487.873,6443.865,895.93,10813.392,10924.574,5257.67,44421.227,19042.68,6503377774.0,
World,2005,29598.951,3.457,4.494,7929.648,2510.292,5931.112,966.776,11498.5,11030.305,5376.289,45006.918,19422.695,6586970132.0,
World,2006,30594.152,3.362,4.586,8057.693,2546.306,6033.741,1047.294,12136.238,11142.928,5531.006,46217.527,19708.033,6671452019.0,
World,2007,31499.256,2.958,4.662,8108.338,2612.956,5593.206,1126.199,12724.451,11184.312,5736.637,46734.879,20069.822,6757308776.0,
World,2008,32049.66,1.747,4.683,8177.437,2582.949,5951.02,1137.397,13149.669,11143.34,5905.5,47666.078,20049.713,6844457659.0,
World,2009,31513.014,-1.674,4.546,8124.256,2552.738,6534.817,1170.606,13003.172,10899.597,5765.684,47682.02,19477.537,6932766416.0,
World,2010,33317.672,5.727,4.745,8257.109,2617.387,6517.829,1251.813,13918.224,11253.694,6205.78,49602.09,20166.256,7021732143.0,89807710403740.0
World,2011,34479.988,3.489,4.849,8498.255,2703.093,6392.556,1344.747,14704.223,11310.148,6389.33,50934.176,20378.969,7110923773.0,
World,2012,34954.734,1.377,4.854,8568.392,2717.485,6682.122,1377.354,14867.802,11432.716,6523.143,51787.148,20413.594,7201202478.0,
World,2013,35275.82,0.919,4.838,8520.598,2700.372,6319.521,1441.334,14953.153,11516.626,6573.116,51689.281,20516.178,7291793585.0,
World,2014,35465.695,0.538,4.805,8601.788,2733.968,6409.911,1492.451,15014.883,11561.832,6604.976,52086.367,20488.625,7381616239.0,
World,2015,35403.527,-0.175,4.739,8616.349,2741.356,6512.625,1440.666,14655.017,11770.022,6728.989,52119.312,20394.59,7470491876.0,106871829405667.0
World,2016,35392.832,-0.03,4.682,8652.835,2759.229,5376.553,1476.147,14322.989,11900.264,6914.85,51013.094,20403.568,7558554527.0,110407200853028.0
World,2017,35974.609,1.644,4.705,8797.017,2814.724,5307.768,1499.947,14494.168,12085.292,7084.615,51702.664,20616.426,7645617952.0,114529588369027.0
World,2018,36734.004,2.111,4.752,8935.43,2814.039,4882.023,1546.849,14762.694,12142.828,7419.413,52139.289,20932.492,7729902779.0,118765812557841.0
World,2019,37086.566,0.96,4.748,9008.441,2819.104,4887.178,1615.727,14702.956,12325.908,7574.056,52571.34,20956.146,7811293699.0,122149370355621.0
World,2020,35158.23,-5.2,4.458,8903.343,2852.967,4516.54,1624.052,14267.035,10932.342,7520.82,50601.266,20032.188,7887001289.0,118590021803593.0
World,2021,36866.863,4.86,4.635,9089.303,2895.432,4657.103,1666.885,14969.249,11513.166,7878.698,52639.844,20874.295,7954448387.0,126004793520756.0
World,2022,37527.773,1.793,4.678,9278.556,2881.229,4785.392,1578.739,15449.177,11914.912,7758.746,53515.586,21076.293,8021407196.0,130112562171125.0
World,2023,38094.039,1.509,4.708,9416.93,2911.154,4745.551,1540.286,15636.373,12278.241,7802.845,54092.184,21285.768,8091734933.0,
World,2024,38598.578,1.324,4.729,9498.914,2935.779,4585.508,1472.818,15805.254,12470.596,8009.828,54433.398,21653.723,8161972574.0,
